BEGIN TRANSACTION;

-- Important Note:
-- If you have previously run this Docker setup, you may need to delete the existing Docker Postgres volume 
-- to apply these initialization commands. Use the following commands to list and remove Docker volumes:
-- 
-- List all Docker volumes:
-- docker volume ls
-- 
-- Remove a specific Docker volume:
-- docker volume rm [name-of-postgres-volume]

-- Custom SQL Section
-- Users can add their custom SQL commands here.
-- For example, to create a new table, use:
-- CREATE TABLE my_table (
--   column1 datatype,
--   column2 datatype,
--   column3 datatype,
--   ...
-- );

-- More custom SQL commands can be added below.

-- "assignment_types"
-- "attendance_types"
-- "department"
-- "period_list"
-- "rooms"
-- "sped_categories"
-- "staff"
-- "student"

INSERT INTO "student" ("first_name", "middle_name", "last_name", "dob", "sex", "email", "ohio_ssid")
VALUES
('Asher', 'Tripp', 'Whitehead', '2012-06-07', 'M', 'atwhitehead29@titanacademy.edu', 'PV8587074'),
('Leonard', 'Haiden', 'Roy', '2012-02-01', 'M', 'lhroy29@titanacademy.edu', 'NF3821427'),
('Esmeralda', 'Alanna', 'Boyd', '2011-10-17', 'F', 'eaboyd29@titanacademy.edu', 'FU8791687'),
('Aarav', 'Kendall', 'Houston', '2012-04-01', 'M', 'akhouston29@titanacademy.edu', 'QQ4284337'),
('Dulce', 'Moriah', 'Walker', '2012-03-18', 'F', 'dmwalker29@titanacademy.edu', 'VM6793411'),
('Quentin', 'Jaxton', 'Oneal', '2011-08-17', 'M', 'qjoneal29@titanacademy.edu', 'AZ5967902'),
('Maria', 'Bria', 'Marquez', '2012-01-27', 'F', 'mbmarquez29@titanacademy.edu', 'HV5125556'),
('Jace', 'Saul', 'Sullivan', '2011-08-11', 'M', 'jssullivan29@titanacademy.edu', 'GJ9087304'),
('Parker', 'Leilani', 'Perry', '2011-12-13', 'F', 'plperry29@titanacademy.edu', 'TT1671888'),
('Everett', 'Zayden', 'Delgado', '2012-01-28', 'M', 'ezdelgado29@titanacademy.edu', 'GN0209674'),
('Alyvia', 'Adyson', 'Stanley', '2012-02-26', 'F', 'aastanley29@titanacademy.edu', 'VT9018458'),
('Kobe', 'Amare', 'Roth', '2012-07-23', 'M', 'karoth29@titanacademy.edu', 'YG1410734'),
('Helen', 'Nathaly', 'Moore', '2012-04-21', 'F', 'hnmoore29@titanacademy.edu', 'PB4269042'),
('Ulises', 'Julius', 'Wade', '2011-12-29', 'M', 'ujwade29@titanacademy.edu', 'SX3607393'),
('Damien', 'Davion', 'Adams', '2011-11-28', 'M', 'ddadams29@titanacademy.edu', 'GJ8818813'),
('Duncan', 'Kole', 'Rowe', '2011-09-25', 'M', 'dkrowe29@titanacademy.edu', 'QY9462822'),
('Lucy', 'Kayden', 'Mendoza', '2012-05-18', 'F', 'lkmendoza29@titanacademy.edu', 'DZ0651138'),
('Malaya', 'Dania', 'Moore', '2012-05-30', 'F', 'mdmoore29@titanacademy.edu', 'KY2774654'),
('Kenley', 'Tori', 'Page', '2012-01-15', 'F', 'ktpage29@titanacademy.edu', 'NS1360898'),
('Irene', 'Haven', 'Romero', '2012-02-21', 'F', 'ihromero29@titanacademy.edu', 'PY9048103'),
('Derrick', 'Finn', 'Williams', '2011-11-05', 'M', 'dfwilliams29@titanacademy.edu', 'CH5852523'),
('Steven', 'Isaac', 'Morris', '2012-06-01', 'M', 'simorris29@titanacademy.edu', 'QG5470762'),
('Joziah', 'Jessie', 'Henderson', '2011-10-28', 'M', 'jjhenderson29@titanacademy.edu', 'AF8303851'),
('Jamarion', 'Theodore', 'Robinson', '2011-09-07', 'M', 'jtrobinson29@titanacademy.edu', 'QT4313998'),
('Enzo', 'Orion', 'Whitehead', '2011-09-23', 'M', 'eowhitehead29@titanacademy.edu', 'WJ5557708'),
('Devon', 'Tucker', 'Rodriguez', '2012-03-01', 'M', 'dtrodriguez29@titanacademy.edu', 'RP3036836'),
('Macey', 'Paisley', 'Doyle', '2012-01-23', 'F', 'mpdoyle29@titanacademy.edu', 'RG7994998'),
('Karen', 'Natalie', 'Johnston', '2012-05-26', 'F', 'knjohnston29@titanacademy.edu', 'DA5990441'),
('Kaliyah', 'Kyleigh', 'Porter', '2011-11-08', 'F', 'kkporter29@titanacademy.edu', 'IL5254937'),
('Warren', 'Callum', 'Perry', '2011-09-03', 'M', 'wcperry29@titanacademy.edu', 'SC2492545'),
('Sterling', 'Bruce', 'Smith', '2012-01-31', 'M', 'sbsmith29@titanacademy.edu', 'VA4747056'),
('Annie', 'Ariah', 'Luna', '2011-09-30', 'F', 'aaluna29@titanacademy.edu', 'XZ8578659'),
('Jacqueline', 'Elianna', 'Fuller', '2012-06-01', 'F', 'jefuller29@titanacademy.edu', 'QZ0568366'),
('Chace', 'Nathan', 'Arnold', '2012-04-20', 'M', 'cnarnold29@titanacademy.edu', 'YH9068482'),
('Analia', 'Mia', 'Anderson', '2012-06-28', 'F', 'amanderson29@titanacademy.edu', 'LM8364209'),
('Brylee', 'Patience', 'Schultz', '2012-01-30', 'F', 'bpschultz29@titanacademy.edu', 'WU1499706'),
('Briley', 'Aryana', 'Garza', '2011-10-05', 'F', 'bagarza29@titanacademy.edu', 'GF2127894'),
('Alex', 'Damian', 'Hughes', '2012-04-30', 'M', 'adhughes29@titanacademy.edu', 'ZJ7733916'),
('Andy', 'Omar', 'Scott', '2011-08-25', 'M', 'aoscott29@titanacademy.edu', 'XC4082995'),
('Maeve', 'Alma', 'Dominguez', '2012-02-21', 'F', 'madominguez29@titanacademy.edu', 'TR8031807'),
('Danika', 'Nathalia', 'Dixon', '2012-04-14', 'F', 'dndixon29@titanacademy.edu', 'IU5310290'),
('Ryder', 'Case', 'Gonzalez', '2012-05-03', 'M', 'rcgonzalez29@titanacademy.edu', 'KK4703829'),
('Emely', 'Madyson', 'Vega', '2012-07-26', 'F', 'emvega29@titanacademy.edu', 'WO5420440'),
('Johnathon', 'Pedro', 'Ellis', '2012-02-10', 'M', 'jpellis29@titanacademy.edu', 'ZL5427607'),
('Kade', 'Philip', 'Lopez', '2012-07-05', 'M', 'kplopez29@titanacademy.edu', 'JL0806691'),
('Reese', 'Lydia', 'Smith', '2011-09-22', 'F', 'rlsmith29@titanacademy.edu', 'QV4803640'),
('Hayleigh', 'Araceli', 'Weber', '2011-12-02', 'F', 'haweber29@titanacademy.edu', 'EX1943534'),
('Jocelyn', 'Jayleen', 'Long', '2011-11-12', 'F', 'jjlong29@titanacademy.edu', 'SH3320053'),
('Kasen', 'Maximus', 'Wilson', '2012-02-11', 'M', 'kmwilson29@titanacademy.edu', 'KF6517827'),
('Arnav', 'Caden', 'Williams', '2012-04-24', 'M', 'acwilliams29@titanacademy.edu', 'AS5407963'),
('Elyse', 'Khloe', 'Curtis', '2012-02-19', 'F', 'ekcurtis29@titanacademy.edu', 'NX5942178'),
('Braelyn', 'Cheyanne', 'Bauer', '2011-12-15', 'F', 'bcbauer29@titanacademy.edu', 'IQ2009772'),
('Randall', 'Alec', 'Campbell', '2012-05-05', 'M', 'racampbell29@titanacademy.edu', 'TK9238933'),
('Anabelle', 'Madeleine', 'Walker', '2012-04-11', 'F', 'amwalker29@titanacademy.edu', 'WA7490792'),
('Lewis', 'Jerome', 'Hayes', '2011-12-28', 'M', 'ljhayes29@titanacademy.edu', 'DR7098826'),
('Leroy', 'Rogelio', 'Wilson', '2012-03-11', 'M', 'lrwilson29@titanacademy.edu', 'PC4796276'),
('Leroy', 'Alfredo', 'Wilson', '2012-03-20', 'M', 'lawilson29@titanacademy.edu', 'GP7540260'),
('Lydia', 'Natalee', 'Ford', '2012-03-07', 'F', 'lnford29@titanacademy.edu', 'QP3882527'),
('Layne', 'Gael', 'Mcguire', '2012-01-18', 'M', 'lgmcguire29@titanacademy.edu', 'ZD6517732'),
('Marlene', 'Belinda', 'Gross', '2011-10-16', 'F', 'mbgross29@titanacademy.edu', 'KD3387571'),
('Madelyn', 'Hailee', 'Schaefer', '2012-06-19', 'F', 'mhschaefer29@titanacademy.edu', 'VM2470930'),
('Aron', 'Jeremy', 'Lester', '2012-01-09', 'M', 'ajlester29@titanacademy.edu', 'YK3657950'),
('Kadence', 'Myra', 'Vang', '2011-12-31', 'F', 'kmvang29@titanacademy.edu', 'HM6993546'),
('Adam', 'Jairo', 'Wright', '2011-10-28', 'M', 'ajwright29@titanacademy.edu', 'ZA7395115'),
('Carina', 'Kaydence', 'Ochoa', '2011-08-26', 'F', 'ckochoa29@titanacademy.edu', 'IZ6820261'),
('Karly', 'Yareli', 'Cox', '2012-04-24', 'F', 'kycox29@titanacademy.edu', 'JU0909442'),
('Nathalie', 'Julie', 'Potts', '2011-11-13', 'F', 'njpotts29@titanacademy.edu', 'LF1839257'),
('Reina', 'Kaitlin', 'Sims', '2011-08-22', 'F', 'rksims29@titanacademy.edu', 'GL6996136'),
('Quentin', 'Payton', 'Brown', '2012-03-04', 'M', 'qpbrown29@titanacademy.edu', 'VO1947552'),
('Arthur', 'Alden', 'Kelley', '2012-02-26', 'M', 'aakelley29@titanacademy.edu', 'UY8402890'),
('Madeleine', 'Saniya', 'Herrera', '2011-08-26', 'F', 'msherrera29@titanacademy.edu', 'KA8248319'),
('Cheyenne', 'Mariyah', 'Brown', '2011-09-30', 'F', 'cmbrown29@titanacademy.edu', 'LG8251416'),
('Frances', 'Kelsie', 'Herman', '2011-09-26', 'F', 'fkherman29@titanacademy.edu', 'PD9622193'),
('Kendra', 'Natalia', 'Smith', '2012-04-16', 'F', 'knsmith29@titanacademy.edu', 'HW7083227'),
('Kamryn', 'Rayden', 'Jones', '2011-08-05', 'M', 'krjones29@titanacademy.edu', 'TT7064356'),
('Clare', 'Yaretzi', 'Clark', '2011-10-29', 'F', 'cyclark29@titanacademy.edu', 'CX4450681'),
('Ben', 'Jay', 'Wells', '2012-05-01', 'M', 'bjwells29@titanacademy.edu', 'JG9464773'),
('Keyon', 'Dawson', 'Thomas', '2011-10-05', 'M', 'kdthomas29@titanacademy.edu', 'DH5108568'),
('Legend', 'Alijah', 'Brown', '2012-04-19', 'M', 'labrown29@titanacademy.edu', 'BO0211121'),
('Allan', 'Lawrence', 'Gibson', '2012-05-22', 'M', 'algibson29@titanacademy.edu', 'OZ7841492'),
('Millie', 'Jade', 'Galvan', '2012-05-06', 'F', 'mjgalvan29@titanacademy.edu', 'CJ5194639'),
('Asa', 'Lionel', 'Lara', '2012-05-22', 'M', 'allara29@titanacademy.edu', 'YD6819158'),
('Alexis', 'Edwin', 'Kennedy', '2011-11-14', 'M', 'aekennedy29@titanacademy.edu', 'IU0846045'),
('Isabel', 'Vivienne', 'Andrews', '2011-10-13', 'F', 'ivandrews29@titanacademy.edu', 'PA8688091'),
('Samir', 'Agustin', 'Juarez', '2011-04-01', 'M', 'sajuarez28@titanacademy.edu', 'GT6213129'),
('Beau', 'Jaden', 'Gallagher', '2010-11-24', 'M', 'bjgallagher28@titanacademy.edu', 'LZ3489113'),
('Harold', 'Jamison', 'Contreras', '2011-04-01', 'M', 'hjcontreras28@titanacademy.edu', 'JG7219626'),
('Asher', 'Efrain', 'Park', '2010-09-24', 'M', 'aepark28@titanacademy.edu', 'AK6563576'),
('Meghan', 'Bailey', 'Walls', '2011-06-08', 'F', 'mbwalls28@titanacademy.edu', 'WL3474443'),
('Marquis', 'Van', 'Patel', '2011-07-26', 'M', 'mvpatel28@titanacademy.edu', 'CT6495298'),
('Isabella', 'Myah', 'Wells', '2011-05-13', 'F', 'imwells28@titanacademy.edu', 'KJ3811674'),
('Ulises', 'Keith', 'Watson', '2010-11-28', 'M', 'ukwatson28@titanacademy.edu', 'LV6198907'),
('Cyrus', 'Armani', 'Hays', '2011-07-02', 'M', 'cahays28@titanacademy.edu', 'IF4910843'),
('Cristopher', 'Eduardo', 'Lowery', '2011-06-19', 'M', 'celowery28@titanacademy.edu', 'GZ9090720'),
('Kayden', 'Kassandra', 'Graham', '2011-04-19', 'F', 'kkgraham28@titanacademy.edu', 'QT1428704'),
('Julie', 'Tamia', 'Hill', '2010-09-20', 'F', 'jthill28@titanacademy.edu', 'OL5872452'),
('Alayna', 'Nola', 'Green', '2011-07-16', 'F', 'angreen28@titanacademy.edu', 'ZK0578123'),
('Lilia', 'Jamie', 'Price', '2011-04-14', 'F', 'ljprice28@titanacademy.edu', 'FY1513295'),
('Cameron', 'Matias', 'Berg', '2011-03-13', 'M', 'cmberg28@titanacademy.edu', 'JJ6076505'),
('Kellan', 'Terrance', 'Mccarty', '2011-02-24', 'M', 'ktmccarty28@titanacademy.edu', 'LP0663880'),
('Max', 'Johann', 'Smith', '2011-06-07', 'M', 'mjsmith28@titanacademy.edu', 'KS9402344'),
('Emily', 'Camilla', 'Mcdonald', '2011-06-12', 'F', 'ecmcdonald28@titanacademy.edu', 'DE6260131'),
('Jeremiah', 'Keshawn', 'Robinson', '2011-03-22', 'M', 'jkrobinson28@titanacademy.edu', 'OV3303612'),
('Rafael', 'Casey', 'Grimes', '2010-09-14', 'M', 'rcgrimes28@titanacademy.edu', 'OM5557094'),
('Nyla', 'Shyanne', 'Kirk', '2011-01-10', 'F', 'nskirk28@titanacademy.edu', 'FT8306622'),
('Lesly', 'Kelly', 'Jones', '2010-09-14', 'F', 'lkjones28@titanacademy.edu', 'GP8623767'),
('Nathalie', 'Kassandra', 'Coleman', '2011-05-16', 'F', 'nkcoleman28@titanacademy.edu', 'VH8136557'),
('Laila', 'Helena', 'Ramos', '2010-08-20', 'F', 'lhramos28@titanacademy.edu', 'EM6155321'),
('Abagail', 'Kennedi', 'Walker', '2011-07-26', 'F', 'akwalker28@titanacademy.edu', 'NY4974586'),
('Legend', 'Konnor', 'Carroll', '2011-05-14', 'M', 'lkcarroll28@titanacademy.edu', 'PV8717666'),
('Waylon', 'Jonathan', 'Flynn', '2010-09-02', 'M', 'wjflynn28@titanacademy.edu', 'PQ8612415'),
('Jasper', 'Tyrone', 'Walters', '2011-01-29', 'M', 'jtwalters28@titanacademy.edu', 'MU6481415'),
('Xavier', 'Adriel', 'Patrick', '2010-12-19', 'M', 'xapatrick28@titanacademy.edu', 'DC6853899'),
('Noelle', 'Libby', 'Chapman', '2010-10-08', 'F', 'nlchapman28@titanacademy.edu', 'VS5306548'),
('Allyson', 'Carley', 'Wiley', '2011-01-27', 'F', 'acwiley28@titanacademy.edu', 'QU8045592'),
('Yadiel', 'Aldo', 'Marsh', '2011-02-17', 'M', 'yamarsh28@titanacademy.edu', 'IT2852185'),
('Keegan', 'Mateo', 'Hodges', '2011-07-23', 'M', 'kmhodges28@titanacademy.edu', 'BM1076562'),
('Raul', 'Masen', 'Salazar', '2010-12-01', 'M', 'rmsalazar28@titanacademy.edu', 'HR2652621'),
('Dax', 'Darius', 'Palmer', '2011-03-15', 'M', 'ddpalmer28@titanacademy.edu', 'NK7584800'),
('Ayla', 'Alexia', 'Hawkins', '2011-07-17', 'F', 'aahawkins28@titanacademy.edu', 'KF3214368'),
('Kamron', 'Cash', 'Freeman', '2011-02-01', 'M', 'kcfreeman28@titanacademy.edu', 'FN5618805'),
('Larry', 'Jorge', 'Gregory', '2011-03-11', 'M', 'ljgregory28@titanacademy.edu', 'AY1189903'),
('Davian', 'Todd', 'Sullivan', '2011-07-18', 'M', 'dtsullivan28@titanacademy.edu', 'JD1649699'),
('Jorge', 'Francis', 'Morales', '2011-03-26', 'M', 'jfmorales28@titanacademy.edu', 'ML4259404'),
('Rachel', 'Miriam', 'Hodges', '2010-09-30', 'F', 'rmhodges28@titanacademy.edu', 'SE8541702'),
('Micaela', 'Alyvia', 'Pope', '2011-02-27', 'F', 'mapope28@titanacademy.edu', 'VG2391408'),
('Dominique', 'Devon', 'Warner', '2010-08-05', 'M', 'ddwarner28@titanacademy.edu', 'EQ5785289'),
('Natalee', 'Janiyah', 'Gallagher', '2011-05-03', 'F', 'njgallagher28@titanacademy.edu', 'WM5349545'),
('Haley', 'Marissa', 'Carpenter', '2011-02-02', 'F', 'hmcarpenter28@titanacademy.edu', 'CS9411480'),
('Milagros', 'Marilyn', 'Pugh', '2010-12-05', 'F', 'mmpugh28@titanacademy.edu', 'FF3571768'),
('Edison', 'Amari', 'Wyatt', '2011-07-28', 'M', 'eawyatt28@titanacademy.edu', 'PM2480181'),
('John', 'Noah', 'Fletcher', '2010-10-27', 'M', 'jnfletcher28@titanacademy.edu', 'ZM0111053'),
('Jaquan', 'Brandon', 'Moon', '2010-12-28', 'M', 'jbmoon28@titanacademy.edu', 'KG3067316'),
('Mekhi', 'Jason', 'Perez', '2011-02-16', 'M', 'mjperez28@titanacademy.edu', 'XP1456844'),
('Abagail', 'Claire', 'Fuller', '2011-04-10', 'F', 'acfuller28@titanacademy.edu', 'JA0583114'),
('Sadie', 'Teagan', 'Bennett', '2010-08-20', 'F', 'stbennett28@titanacademy.edu', 'WI0950176'),
('Avery', 'Fernanda', 'Griffin', '2010-11-29', 'F', 'afgriffin28@titanacademy.edu', 'JS4253972'),
('Sylas', 'Channing', 'Roberts', '2011-01-21', 'M', 'scroberts28@titanacademy.edu', 'KA0294025'),
('Jayvion', 'River', 'Jacobs', '2010-10-02', 'M', 'jrjacobs28@titanacademy.edu', 'BQ4004442'),
('Miah', 'Marisol', 'Hines', '2010-11-21', 'F', 'mmhines28@titanacademy.edu', 'KV9277020'),
('Jayda', 'Emilee', 'Gonzalez', '2010-08-15', 'F', 'jegonzalez28@titanacademy.edu', 'OQ8037796'),
('Soren', 'Maximo', 'Oneill', '2011-07-26', 'M', 'smoneill28@titanacademy.edu', 'GW3807624'),
('Yaritza', 'Aiyana', 'Romero', '2010-12-18', 'F', 'yaromero28@titanacademy.edu', 'HW8125846'),
('Ian', 'Byron', 'Lee', '2011-06-29', 'M', 'iblee28@titanacademy.edu', 'TK3141501'),
('Sage', 'Cohen', 'Lyons', '2010-08-10', 'M', 'sclyons28@titanacademy.edu', 'DJ6255564'),
('Micah', 'Aydan', 'Hernandez', '2011-03-21', 'M', 'mahernandez28@titanacademy.edu', 'UQ8783075'),
('Crew', 'Ronald', 'Chambers', '2010-08-05', 'M', 'crchambers28@titanacademy.edu', 'AH1080351'),
('Eddie', 'Broderick', 'Kirby', '2011-07-17', 'M', 'ebkirby28@titanacademy.edu', 'GO3179227'),
('Erik', 'Amare', 'Bryan', '2010-11-12', 'M', 'eabryan28@titanacademy.edu', 'IB6527170'),
('Mariyah', 'Corinne', 'Martinez', '2011-07-27', 'F', 'mcmartinez28@titanacademy.edu', 'NF2600575'),
('Elle', 'Aria', 'Maddox', '2010-08-25', 'F', 'eamaddox28@titanacademy.edu', 'JG1498558'),
('Carly', 'Eleanor', 'Mccormick', '2010-11-23', 'F', 'cemccormick28@titanacademy.edu', 'WZ7662449'),
('Alec', 'Archer', 'Hall', '2010-11-11', 'M', 'aahall28@titanacademy.edu', 'LF6679320'),
('Payten', 'Danna', 'Vega', '2011-06-13', 'F', 'pdvega28@titanacademy.edu', 'MO9879466'),
('Natasha', 'Kirsten', 'Thompson', '2010-10-13', 'F', 'nkthompson28@titanacademy.edu', 'XF2903063'),
('Bryant', 'Justin', 'Anderson', '2011-04-16', 'M', 'bjanderson28@titanacademy.edu', 'MS2918160'),
('Konnor', 'Edison', 'Barnett', '2010-12-10', 'M', 'kebarnett28@titanacademy.edu', 'HM6597482'),
('Kole', 'Levi', 'Holmes', '2010-11-10', 'M', 'klholmes28@titanacademy.edu', 'QK6695003'),
('Izaiah', 'Bentley', 'Mills', '2010-10-26', 'M', 'ibmills28@titanacademy.edu', 'OD4548803'),
('Nehemiah', 'Mohamed', 'Glover', '2011-03-04', 'M', 'nmglover28@titanacademy.edu', 'EW6656471'),
('Aaron', 'Jesse', 'Vega', '2011-04-14', 'M', 'ajvega28@titanacademy.edu', 'JP5036518'),
('Clare', 'Macie', 'Bennett', '2010-08-23', 'F', 'cmbennett28@titanacademy.edu', 'OK6636725'),
('Adelaide', 'Lillian', 'Martinez', '2011-07-07', 'F', 'almartinez28@titanacademy.edu', 'AN3586442'),
('Melvin', 'Deven', 'Robinson', '2011-05-14', 'M', 'mdrobinson28@titanacademy.edu', 'HV4741930'),
('Jayvion', 'Duncan', 'Chung', '2010-08-13', 'M', 'jdchung28@titanacademy.edu', 'FR1903083'),
('Xzavier', 'Kolby', 'Smith', '2010-11-18', 'M', 'xksmith28@titanacademy.edu', 'YO3352278'),
('Oscar', 'Trevor', 'Smith', '2011-04-06', 'M', 'otsmith28@titanacademy.edu', 'TV6812708'),
('Damian', 'Aden', 'Santiago', '2009-11-30', 'M', 'dasantiago27@titanacademy.edu', 'SK3597776'),
('Jazlynn', 'Alyvia', 'Dawson', '2009-10-09', 'F', 'jadawson27@titanacademy.edu', 'TG4032122'),
('Marianna', 'Sadie', 'Hill', '2010-03-01', 'F', 'mshill27@titanacademy.edu', 'NA3973068'),
('Niko', 'Everett', 'Carter', '2010-06-30', 'M', 'necarter27@titanacademy.edu', 'VI9988844'),
('Camille', 'Madalyn', 'Gonzalez', '2010-07-16', 'F', 'cmgonzalez27@titanacademy.edu', 'VF8385838'),
('Adelynn', 'Angie', 'Clark', '2010-04-09', 'F', 'aaclark27@titanacademy.edu', 'RK6882139'),
('Hayden', 'Morgan', 'James', '2009-12-28', 'F', 'hmjames27@titanacademy.edu', 'DH6966307'),
('Raiden', 'Kamryn', 'Odom', '2010-01-20', 'M', 'rkodom27@titanacademy.edu', 'CA6514428'),
('Destin', 'Ryland', 'Harris', '2010-01-13', 'M', 'drharris27@titanacademy.edu', 'RF3699433'),
('Juan', 'Francisco', 'Young', '2010-04-13', 'M', 'jfyoung27@titanacademy.edu', 'RW8308387'),
('Cohen', 'Korbin', 'Munoz', '2010-04-09', 'M', 'ckmunoz27@titanacademy.edu', 'FE9232777'),
('Gianna', 'Norah', 'Nielsen', '2010-06-03', 'F', 'gnnielsen27@titanacademy.edu', 'JK0977793'),
('Irene', 'Kate', 'Barnes', '2010-03-29', 'F', 'ikbarnes27@titanacademy.edu', 'GY3050804'),
('Elisabeth', 'Lexi', 'Reed', '2009-10-28', 'F', 'elreed27@titanacademy.edu', 'YR0812017'),
('Curtis', 'Julien', 'Pittman', '2009-11-01', 'M', 'cjpittman27@titanacademy.edu', 'RX1847484'),
('Sanaa', 'Elena', 'Adams', '2009-09-25', 'F', 'seadams27@titanacademy.edu', 'TR4305742'),
('Taliyah', 'Nola', 'Jackson', '2010-06-24', 'F', 'tnjackson27@titanacademy.edu', 'DA8712763'),
('Adeline', 'Yamileth', 'Todd', '2009-11-17', 'F', 'aytodd27@titanacademy.edu', 'FM1920785'),
('Emmitt', 'Andre', 'Horton', '2010-04-09', 'M', 'eahorton27@titanacademy.edu', 'IW2309500'),
('Helena', 'Aleigha', 'Barnes', '2009-09-12', 'F', 'habarnes27@titanacademy.edu', 'SI2209645'),
('Mia', 'Elise', 'Price', '2010-07-28', 'F', 'meprice27@titanacademy.edu', 'LW1124496'),
('Joaquin', 'Zachery', 'Casey', '2010-05-13', 'M', 'jzcasey27@titanacademy.edu', 'CT1818668'),
('Jaydon', 'Chase', 'Hancock', '2009-08-23', 'M', 'jchancock27@titanacademy.edu', 'EP4273990'),
('Jaiden', 'Sheldon', 'Day', '2009-09-11', 'M', 'jsday27@titanacademy.edu', 'SU5791305'),
('Jamari', 'Tatum', 'Martin', '2009-08-28', 'M', 'jtmartin27@titanacademy.edu', 'HU7554838'),
('Kellan', 'Hugo', 'Charles', '2009-08-05', 'M', 'khcharles27@titanacademy.edu', 'WS1881629'),
('Alicia', 'Cecelia', 'Mcdonald', '2010-01-22', 'F', 'acmcdonald27@titanacademy.edu', 'QI6890126'),
('Bailey', 'Adrien', 'Martin', '2009-12-15', 'M', 'bamartin27@titanacademy.edu', 'PR7048083'),
('Nikolas', 'Mohammed', 'Patterson', '2010-02-13', 'M', 'nmpatterson27@titanacademy.edu', 'KL1793611'),
('Sage', 'Juliana', 'Gonzalez', '2009-09-09', 'F', 'sjgonzalez27@titanacademy.edu', 'BZ1627696'),
('Cassidy', 'Marilyn', 'Sampson', '2009-09-22', 'F', 'cmsampson27@titanacademy.edu', 'KK1907399'),
('Jaydan', 'Crew', 'Taylor', '2009-08-23', 'M', 'jctaylor27@titanacademy.edu', 'SK5479502'),
('Ireland', 'Siena', 'Castillo', '2009-08-29', 'F', 'iscastillo27@titanacademy.edu', 'AV0177590'),
('Stephany', 'Ellie', 'Steele', '2010-05-09', 'F', 'sesteele27@titanacademy.edu', 'VM4231994'),
('Rayne', 'Payten', 'Miller', '2010-06-07', 'F', 'rpmiller27@titanacademy.edu', 'OX9046688'),
('Kelsey', 'Destinee', 'Wallace', '2009-11-17', 'F', 'kdwallace27@titanacademy.edu', 'CO1651708'),
('Killian', 'Timothy', 'Ware', '2010-01-23', 'M', 'ktware27@titanacademy.edu', 'HV2624057'),
('Lexi', 'Sandra', 'Reid', '2010-06-18', 'F', 'lsreid27@titanacademy.edu', 'MQ6018498'),
('Madelyn', 'Paloma', 'Lee', '2009-10-04', 'F', 'mplee27@titanacademy.edu', 'KW2513595'),
('Jane', 'Claudia', 'Phillips', '2010-06-17', 'F', 'jcphillips27@titanacademy.edu', 'AE9352262'),
('Dean', 'Elisha', 'Madden', '2009-11-04', 'M', 'demadden27@titanacademy.edu', 'LX1390218'),
('Elisabeth', 'Evelin', 'Mejia', '2009-12-19', 'F', 'eemejia27@titanacademy.edu', 'TV0874365'),
('Anya', 'Makayla', 'Lowe', '2009-09-13', 'F', 'amlowe27@titanacademy.edu', 'MQ8763781'),
('Derrick', 'Alvaro', 'Gibson', '2009-08-25', 'M', 'dagibson27@titanacademy.edu', 'KV9561060'),
('Dylan', 'Marquis', 'Pitts', '2010-04-26', 'M', 'dmpitts27@titanacademy.edu', 'DF6320768'),
('Kaydence', 'Madalynn', 'Gonzalez', '2010-04-28', 'F', 'kmgonzalez27@titanacademy.edu', 'QD9983179'),
('Crew', 'Vincenzo', 'King', '2010-06-04', 'M', 'cvking27@titanacademy.edu', 'VC5506233'),
('Skylar', 'Efrain', 'Brown', '2010-07-24', 'M', 'sebrown27@titanacademy.edu', 'AD7684082'),
('Azaria', 'Kristina', 'Gutierrez', '2009-08-02', 'F', 'akgutierrez27@titanacademy.edu', 'JT2314817'),
('Yesenia', 'Journee', 'Carter', '2010-04-21', 'F', 'yjcarter27@titanacademy.edu', 'GZ6898034'),
('Jadiel', 'Armani', 'Blackwell', '2010-05-24', 'M', 'jablackwell27@titanacademy.edu', 'TP9281453'),
('Bo', 'Chandler', 'Smith', '2010-06-15', 'M', 'bcsmith27@titanacademy.edu', 'BE5855841'),
('Miguel', 'Seth', 'Andrade', '2009-10-04', 'M', 'msandrade27@titanacademy.edu', 'XX4046181'),
('Markus', 'Emanuel', 'Thompson', '2009-11-15', 'M', 'methompson27@titanacademy.edu', 'OJ3468952'),
('Lane', 'Barrett', 'Richards', '2010-04-29', 'M', 'lbrichards27@titanacademy.edu', 'XD3577114'),
('Christian', 'Jesse', 'Nunez', '2010-03-09', 'M', 'cjnunez27@titanacademy.edu', 'SU6685657'),
('Jaylee', 'Lucille', 'Jones', '2010-02-06', 'F', 'jljones27@titanacademy.edu', 'TW3536832'),
('Allison', 'Vivian', 'Brown', '2010-01-02', 'F', 'avbrown27@titanacademy.edu', 'SO6903703'),
('Hezekiah', 'Leandro', 'Mckinney', '2010-03-11', 'M', 'hlmckinney27@titanacademy.edu', 'IV0669541'),
('Beatrice', 'Zariah', 'Brown', '2009-08-09', 'F', 'bzbrown27@titanacademy.edu', 'YJ4304218'),
('Chaya', 'Kinley', 'Watkins', '2010-01-18', 'F', 'ckwatkins27@titanacademy.edu', 'RO1404631'),
('Robert', 'August', 'Macdonald', '2009-09-29', 'M', 'ramacdonald27@titanacademy.edu', 'XB8296172'),
('Savanna', 'Destiny', 'Mahoney', '2010-07-11', 'F', 'sdmahoney27@titanacademy.edu', 'EO0063659'),
('Isabelle', 'Patience', 'Aguilar', '2010-07-10', 'F', 'ipaguilar27@titanacademy.edu', 'RG2914882'),
('Sherlyn', 'Jazlyn', 'Mathis', '2010-04-20', 'F', 'sjmathis27@titanacademy.edu', 'WT5659219'),
('Bailey', 'Mary', 'Parker', '2010-01-28', 'F', 'bmparker27@titanacademy.edu', 'XY6023156'),
('Lisa', 'Abigale', 'Miller', '2009-08-25', 'F', 'lamiller27@titanacademy.edu', 'VY5067055'),
('Elijah', 'Jasper', 'Stevens', '2009-09-09', 'M', 'ejstevens27@titanacademy.edu', 'RU8888126'),
('Jaxon', 'Kyler', 'Garrett', '2010-04-07', 'M', 'jkgarrett27@titanacademy.edu', 'BJ2469138'),
('Cheyenne', 'Micah', 'Flores', '2010-01-30', 'F', 'cmflores27@titanacademy.edu', 'CJ6944254'),
('Rylee', 'Kamryn', 'Gross', '2010-01-27', 'F', 'rkgross27@titanacademy.edu', 'LQ0304738'),
('Jazmyn', 'Zuri', 'Sanchez', '2010-05-05', 'F', 'jzsanchez27@titanacademy.edu', 'AA0142184'),
('Sariah', 'Lily', 'Brewer', '2010-02-08', 'F', 'slbrewer27@titanacademy.edu', 'EL2718061'),
('Leighton', 'River', 'Fisher', '2010-07-07', 'F', 'lrfisher27@titanacademy.edu', 'OL4641735'),
('Menachem', 'Bryant', 'Caldwell', '2009-12-18', 'M', 'mbcaldwell27@titanacademy.edu', 'TW2584749'),
('Frances', 'Morgan', 'Jackson', '2009-08-01', 'F', 'fmjackson27@titanacademy.edu', 'BA9904947'),
('Lisa', 'Elaina', 'Lewis', '2009-10-18', 'F', 'lelewis27@titanacademy.edu', 'WJ8509642'),
('Penelope', 'Kennedi', 'Walker', '2009-11-25', 'F', 'pkwalker27@titanacademy.edu', 'JC5111101'),
('Brody', 'Andre', 'Brown', '2010-01-29', 'M', 'babrown27@titanacademy.edu', 'QN5024872'),
('Kaeden', 'Roberto', 'Garrison', '2010-01-04', 'M', 'krgarrison27@titanacademy.edu', 'PF8645281'),
('Rex', 'Paxton', 'Davis', '2010-01-28', 'M', 'rpdavis27@titanacademy.edu', 'LR8170126'),
('Ean', 'Sullivan', 'Shannon', '2010-01-20', 'M', 'esshannon27@titanacademy.edu', 'TA6998495'),
('Walker', 'Dashawn', 'Parker', '2009-10-10', 'M', 'wdparker27@titanacademy.edu', 'KK9179387');


INSERT INTO "school_enrollment" ("student_id", "first_day", "last_day")
VALUES
((SELECT "student_id" FROM "student" WHERE "email" = 'atwhitehead29@titanacademy.edu'), '2024-08-23', NULL),
((SELECT "student_id" FROM "student" WHERE "email" = 'lhroy29@titanacademy.edu'), '2024-08-23', NULL),
((SELECT "student_id" FROM "student" WHERE "email" = 'eaboyd29@titanacademy.edu'), '2024-08-23', NULL),
((SELECT "student_id" FROM "student" WHERE "email" = 'akhouston29@titanacademy.edu'), '2024-08-23', NULL),
((SELECT "student_id" FROM "student" WHERE "email" = 'dmwalker29@titanacademy.edu'), '2024-08-23', NULL),
((SELECT "student_id" FROM "student" WHERE "email" = 'qjoneal29@titanacademy.edu'), '2024-08-23', NULL),
((SELECT "student_id" FROM "student" WHERE "email" = 'mbmarquez29@titanacademy.edu'), '2024-08-23', NULL),
((SELECT "student_id" FROM "student" WHERE "email" = 'jssullivan29@titanacademy.edu'), '2024-08-23', NULL),
((SELECT "student_id" FROM "student" WHERE "email" = 'plperry29@titanacademy.edu'), '2024-08-23', NULL),
((SELECT "student_id" FROM "student" WHERE "email" = 'ezdelgado29@titanacademy.edu'), '2024-08-23', NULL),
((SELECT "student_id" FROM "student" WHERE "email" = 'aastanley29@titanacademy.edu'), '2024-08-23', NULL),
((SELECT "student_id" FROM "student" WHERE "email" = 'karoth29@titanacademy.edu'), '2024-08-23', NULL),
((SELECT "student_id" FROM "student" WHERE "email" = 'hnmoore29@titanacademy.edu'), '2024-08-23', NULL),
((SELECT "student_id" FROM "student" WHERE "email" = 'ujwade29@titanacademy.edu'), '2024-08-23', NULL),
((SELECT "student_id" FROM "student" WHERE "email" = 'ddadams29@titanacademy.edu'), '2024-08-23', NULL),
((SELECT "student_id" FROM "student" WHERE "email" = 'dkrowe29@titanacademy.edu'), '2024-08-23', NULL),
((SELECT "student_id" FROM "student" WHERE "email" = 'lkmendoza29@titanacademy.edu'), '2024-08-23', NULL),
((SELECT "student_id" FROM "student" WHERE "email" = 'mdmoore29@titanacademy.edu'), '2024-08-23', NULL),
((SELECT "student_id" FROM "student" WHERE "email" = 'ktpage29@titanacademy.edu'), '2024-08-23', NULL),
((SELECT "student_id" FROM "student" WHERE "email" = 'ihromero29@titanacademy.edu'), '2024-08-23', NULL),
((SELECT "student_id" FROM "student" WHERE "email" = 'dfwilliams29@titanacademy.edu'), '2024-08-23', NULL),
((SELECT "student_id" FROM "student" WHERE "email" = 'simorris29@titanacademy.edu'), '2024-08-23', NULL),
((SELECT "student_id" FROM "student" WHERE "email" = 'jjhenderson29@titanacademy.edu'), '2024-08-23', NULL),
((SELECT "student_id" FROM "student" WHERE "email" = 'jtrobinson29@titanacademy.edu'), '2024-08-23', NULL),
((SELECT "student_id" FROM "student" WHERE "email" = 'eowhitehead29@titanacademy.edu'), '2024-08-23', NULL),
((SELECT "student_id" FROM "student" WHERE "email" = 'dtrodriguez29@titanacademy.edu'), '2024-08-23', NULL),
((SELECT "student_id" FROM "student" WHERE "email" = 'mpdoyle29@titanacademy.edu'), '2023-11-28', NULL),
((SELECT "student_id" FROM "student" WHERE "email" = 'knjohnston29@titanacademy.edu'), '2024-08-23', NULL),
((SELECT "student_id" FROM "student" WHERE "email" = 'kkporter29@titanacademy.edu'), '2024-08-23', NULL),
((SELECT "student_id" FROM "student" WHERE "email" = 'wcperry29@titanacademy.edu'), '2024-08-23', NULL),
((SELECT "student_id" FROM "student" WHERE "email" = 'sbsmith29@titanacademy.edu'), '2024-08-23', NULL),
((SELECT "student_id" FROM "student" WHERE "email" = 'aaluna29@titanacademy.edu'), '2023-09-11', NULL),
((SELECT "student_id" FROM "student" WHERE "email" = 'jefuller29@titanacademy.edu'), '2024-01-08', NULL),
((SELECT "student_id" FROM "student" WHERE "email" = 'cnarnold29@titanacademy.edu'), '2024-08-23', NULL),
((SELECT "student_id" FROM "student" WHERE "email" = 'amanderson29@titanacademy.edu'), '2023-12-29', NULL),
((SELECT "student_id" FROM "student" WHERE "email" = 'bpschultz29@titanacademy.edu'), '2023-08-30', NULL),
((SELECT "student_id" FROM "student" WHERE "email" = 'bagarza29@titanacademy.edu'), '2024-08-23', NULL),
((SELECT "student_id" FROM "student" WHERE "email" = 'adhughes29@titanacademy.edu'), '2024-08-23', NULL),
((SELECT "student_id" FROM "student" WHERE "email" = 'aoscott29@titanacademy.edu'), '2023-12-18', NULL),
((SELECT "student_id" FROM "student" WHERE "email" = 'madominguez29@titanacademy.edu'), '2024-08-23', NULL),
((SELECT "student_id" FROM "student" WHERE "email" = 'dndixon29@titanacademy.edu'), '2024-08-23', NULL),
((SELECT "student_id" FROM "student" WHERE "email" = 'rcgonzalez29@titanacademy.edu'), '2024-08-23', NULL),
((SELECT "student_id" FROM "student" WHERE "email" = 'emvega29@titanacademy.edu'), '2024-08-23', NULL),
((SELECT "student_id" FROM "student" WHERE "email" = 'jpellis29@titanacademy.edu'), '2024-08-23', NULL),
((SELECT "student_id" FROM "student" WHERE "email" = 'kplopez29@titanacademy.edu'), '2024-08-23', NULL),
((SELECT "student_id" FROM "student" WHERE "email" = 'rlsmith29@titanacademy.edu'), '2023-12-21', NULL),
((SELECT "student_id" FROM "student" WHERE "email" = 'haweber29@titanacademy.edu'), '2024-08-23', NULL),
((SELECT "student_id" FROM "student" WHERE "email" = 'jjlong29@titanacademy.edu'), '2024-02-23', NULL),
((SELECT "student_id" FROM "student" WHERE "email" = 'kmwilson29@titanacademy.edu'), '2024-08-23', NULL),
((SELECT "student_id" FROM "student" WHERE "email" = 'acwilliams29@titanacademy.edu'), '2024-08-23', NULL),
((SELECT "student_id" FROM "student" WHERE "email" = 'ekcurtis29@titanacademy.edu'), '2024-08-23', NULL),
((SELECT "student_id" FROM "student" WHERE "email" = 'bcbauer29@titanacademy.edu'), '2024-08-23', NULL),
((SELECT "student_id" FROM "student" WHERE "email" = 'racampbell29@titanacademy.edu'), '2024-08-23', NULL),
((SELECT "student_id" FROM "student" WHERE "email" = 'amwalker29@titanacademy.edu'), '2024-08-23', NULL),
((SELECT "student_id" FROM "student" WHERE "email" = 'ljhayes29@titanacademy.edu'), '2023-08-24', NULL),
((SELECT "student_id" FROM "student" WHERE "email" = 'lrwilson29@titanacademy.edu'), '2024-08-23', NULL),
((SELECT "student_id" FROM "student" WHERE "email" = 'lawilson29@titanacademy.edu'), '2023-10-09', NULL),
((SELECT "student_id" FROM "student" WHERE "email" = 'lnford29@titanacademy.edu'), '2024-08-23', NULL),
((SELECT "student_id" FROM "student" WHERE "email" = 'lgmcguire29@titanacademy.edu'), '2024-08-23', NULL),
((SELECT "student_id" FROM "student" WHERE "email" = 'mbgross29@titanacademy.edu'), '2024-08-23', NULL),
((SELECT "student_id" FROM "student" WHERE "email" = 'mhschaefer29@titanacademy.edu'), '2024-08-23', NULL),
((SELECT "student_id" FROM "student" WHERE "email" = 'ajlester29@titanacademy.edu'), '2024-08-23', NULL),
((SELECT "student_id" FROM "student" WHERE "email" = 'kmvang29@titanacademy.edu'), '2024-08-23', NULL),
((SELECT "student_id" FROM "student" WHERE "email" = 'ajwright29@titanacademy.edu'), '2024-08-23', NULL),
((SELECT "student_id" FROM "student" WHERE "email" = 'ckochoa29@titanacademy.edu'), '2024-08-23', NULL),
((SELECT "student_id" FROM "student" WHERE "email" = 'kycox29@titanacademy.edu'), '2024-08-23', NULL),
((SELECT "student_id" FROM "student" WHERE "email" = 'njpotts29@titanacademy.edu'), '2024-08-23', NULL),
((SELECT "student_id" FROM "student" WHERE "email" = 'rksims29@titanacademy.edu'), '2024-08-23', NULL),
((SELECT "student_id" FROM "student" WHERE "email" = 'qpbrown29@titanacademy.edu'), '2024-08-23', NULL),
((SELECT "student_id" FROM "student" WHERE "email" = 'aakelley29@titanacademy.edu'), '2024-08-23', NULL),
((SELECT "student_id" FROM "student" WHERE "email" = 'msherrera29@titanacademy.edu'), '2024-08-23', NULL),
((SELECT "student_id" FROM "student" WHERE "email" = 'cmbrown29@titanacademy.edu'), '2023-09-11', NULL),
((SELECT "student_id" FROM "student" WHERE "email" = 'fkherman29@titanacademy.edu'), '2024-08-23', NULL),
((SELECT "student_id" FROM "student" WHERE "email" = 'knsmith29@titanacademy.edu'), '2024-08-23', NULL),
((SELECT "student_id" FROM "student" WHERE "email" = 'krjones29@titanacademy.edu'), '2024-08-23', NULL),
((SELECT "student_id" FROM "student" WHERE "email" = 'cyclark29@titanacademy.edu'), '2024-08-23', NULL),
((SELECT "student_id" FROM "student" WHERE "email" = 'bjwells29@titanacademy.edu'), '2023-10-03', NULL),
((SELECT "student_id" FROM "student" WHERE "email" = 'kdthomas29@titanacademy.edu'), '2024-08-23', NULL),
((SELECT "student_id" FROM "student" WHERE "email" = 'labrown29@titanacademy.edu'), '2024-08-23', NULL),
((SELECT "student_id" FROM "student" WHERE "email" = 'algibson29@titanacademy.edu'), '2023-09-27', NULL),
((SELECT "student_id" FROM "student" WHERE "email" = 'mjgalvan29@titanacademy.edu'), '2024-08-23', NULL),
((SELECT "student_id" FROM "student" WHERE "email" = 'allara29@titanacademy.edu'), '2024-08-23', NULL),
((SELECT "student_id" FROM "student" WHERE "email" = 'aekennedy29@titanacademy.edu'), '2024-08-23', NULL),
((SELECT "student_id" FROM "student" WHERE "email" = 'ivandrews29@titanacademy.edu'), '2024-02-13', NULL),
((SELECT "student_id" FROM "student" WHERE "email" = 'sajuarez28@titanacademy.edu'), '2024-08-23', NULL),
((SELECT "student_id" FROM "student" WHERE "email" = 'bjgallagher28@titanacademy.edu'), '2024-08-23', NULL),
((SELECT "student_id" FROM "student" WHERE "email" = 'hjcontreras28@titanacademy.edu'), '2024-08-23', NULL),
((SELECT "student_id" FROM "student" WHERE "email" = 'aepark28@titanacademy.edu'), '2024-08-23', NULL),
((SELECT "student_id" FROM "student" WHERE "email" = 'mbwalls28@titanacademy.edu'), '2024-08-23', NULL),
((SELECT "student_id" FROM "student" WHERE "email" = 'mvpatel28@titanacademy.edu'), '2024-08-23', NULL),
((SELECT "student_id" FROM "student" WHERE "email" = 'imwells28@titanacademy.edu'), '2023-10-16', NULL),
((SELECT "student_id" FROM "student" WHERE "email" = 'ukwatson28@titanacademy.edu'), '2024-08-23', NULL),
((SELECT "student_id" FROM "student" WHERE "email" = 'cahays28@titanacademy.edu'), '2024-08-23', NULL),
((SELECT "student_id" FROM "student" WHERE "email" = 'celowery28@titanacademy.edu'), '2024-08-23', NULL),
((SELECT "student_id" FROM "student" WHERE "email" = 'kkgraham28@titanacademy.edu'), '2024-08-23', NULL),
((SELECT "student_id" FROM "student" WHERE "email" = 'jthill28@titanacademy.edu'), '2024-08-23', NULL),
((SELECT "student_id" FROM "student" WHERE "email" = 'angreen28@titanacademy.edu'), '2024-08-23', NULL),
((SELECT "student_id" FROM "student" WHERE "email" = 'ljprice28@titanacademy.edu'), '2024-01-19', NULL),
((SELECT "student_id" FROM "student" WHERE "email" = 'cmberg28@titanacademy.edu'), '2024-08-23', NULL),
((SELECT "student_id" FROM "student" WHERE "email" = 'ktmccarty28@titanacademy.edu'), '2024-08-23', NULL),
((SELECT "student_id" FROM "student" WHERE "email" = 'mjsmith28@titanacademy.edu'), '2024-08-23', NULL),
((SELECT "student_id" FROM "student" WHERE "email" = 'ecmcdonald28@titanacademy.edu'), '2024-08-23', NULL),
((SELECT "student_id" FROM "student" WHERE "email" = 'jkrobinson28@titanacademy.edu'), '2024-08-23', NULL),
((SELECT "student_id" FROM "student" WHERE "email" = 'rcgrimes28@titanacademy.edu'), '2024-08-23', NULL),
((SELECT "student_id" FROM "student" WHERE "email" = 'nskirk28@titanacademy.edu'), '2024-08-23', NULL),
((SELECT "student_id" FROM "student" WHERE "email" = 'lkjones28@titanacademy.edu'), '2024-08-23', NULL),
((SELECT "student_id" FROM "student" WHERE "email" = 'nkcoleman28@titanacademy.edu'), '2024-08-23', NULL),
((SELECT "student_id" FROM "student" WHERE "email" = 'lhramos28@titanacademy.edu'), '2024-08-23', NULL),
((SELECT "student_id" FROM "student" WHERE "email" = 'akwalker28@titanacademy.edu'), '2024-08-23', NULL),
((SELECT "student_id" FROM "student" WHERE "email" = 'lkcarroll28@titanacademy.edu'), '2024-08-23', NULL),
((SELECT "student_id" FROM "student" WHERE "email" = 'wjflynn28@titanacademy.edu'), '2023-11-20', NULL),
((SELECT "student_id" FROM "student" WHERE "email" = 'jtwalters28@titanacademy.edu'), '2024-08-23', NULL),
((SELECT "student_id" FROM "student" WHERE "email" = 'xapatrick28@titanacademy.edu'), '2024-08-23', NULL),
((SELECT "student_id" FROM "student" WHERE "email" = 'nlchapman28@titanacademy.edu'), '2024-08-23', NULL),
((SELECT "student_id" FROM "student" WHERE "email" = 'acwiley28@titanacademy.edu'), '2024-08-23', NULL),
((SELECT "student_id" FROM "student" WHERE "email" = 'yamarsh28@titanacademy.edu'), '2024-08-23', NULL),
((SELECT "student_id" FROM "student" WHERE "email" = 'kmhodges28@titanacademy.edu'), '2024-08-23', NULL),
((SELECT "student_id" FROM "student" WHERE "email" = 'rmsalazar28@titanacademy.edu'), '2024-08-23', NULL),
((SELECT "student_id" FROM "student" WHERE "email" = 'ddpalmer28@titanacademy.edu'), '2024-08-23', NULL),
((SELECT "student_id" FROM "student" WHERE "email" = 'aahawkins28@titanacademy.edu'), '2024-08-23', NULL),
((SELECT "student_id" FROM "student" WHERE "email" = 'kcfreeman28@titanacademy.edu'), '2024-08-23', NULL),
((SELECT "student_id" FROM "student" WHERE "email" = 'ljgregory28@titanacademy.edu'), '2023-12-11', NULL),
((SELECT "student_id" FROM "student" WHERE "email" = 'dtsullivan28@titanacademy.edu'), '2024-08-23', NULL),
((SELECT "student_id" FROM "student" WHERE "email" = 'jfmorales28@titanacademy.edu'), '2024-08-23', NULL),
((SELECT "student_id" FROM "student" WHERE "email" = 'rmhodges28@titanacademy.edu'), '2024-08-23', NULL),
((SELECT "student_id" FROM "student" WHERE "email" = 'mapope28@titanacademy.edu'), '2024-08-23', NULL),
((SELECT "student_id" FROM "student" WHERE "email" = 'ddwarner28@titanacademy.edu'), '2024-08-23', NULL),
((SELECT "student_id" FROM "student" WHERE "email" = 'njgallagher28@titanacademy.edu'), '2024-08-23', NULL),
((SELECT "student_id" FROM "student" WHERE "email" = 'hmcarpenter28@titanacademy.edu'), '2024-08-23', NULL),
((SELECT "student_id" FROM "student" WHERE "email" = 'mmpugh28@titanacademy.edu'), '2024-08-23', NULL),
((SELECT "student_id" FROM "student" WHERE "email" = 'eawyatt28@titanacademy.edu'), '2024-08-23', NULL),
((SELECT "student_id" FROM "student" WHERE "email" = 'jnfletcher28@titanacademy.edu'), '2024-08-23', NULL),
((SELECT "student_id" FROM "student" WHERE "email" = 'jbmoon28@titanacademy.edu'), '2024-08-23', NULL),
((SELECT "student_id" FROM "student" WHERE "email" = 'mjperez28@titanacademy.edu'), '2024-08-23', NULL),
((SELECT "student_id" FROM "student" WHERE "email" = 'acfuller28@titanacademy.edu'), '2024-08-23', NULL),
((SELECT "student_id" FROM "student" WHERE "email" = 'stbennett28@titanacademy.edu'), '2024-08-23', NULL),
((SELECT "student_id" FROM "student" WHERE "email" = 'afgriffin28@titanacademy.edu'), '2024-08-23', NULL),
((SELECT "student_id" FROM "student" WHERE "email" = 'scroberts28@titanacademy.edu'), '2024-08-23', NULL),
((SELECT "student_id" FROM "student" WHERE "email" = 'jrjacobs28@titanacademy.edu'), '2024-08-23', NULL),
((SELECT "student_id" FROM "student" WHERE "email" = 'mmhines28@titanacademy.edu'), '2024-08-23', NULL),
((SELECT "student_id" FROM "student" WHERE "email" = 'jegonzalez28@titanacademy.edu'), '2024-08-23', NULL),
((SELECT "student_id" FROM "student" WHERE "email" = 'smoneill28@titanacademy.edu'), '2024-08-23', NULL),
((SELECT "student_id" FROM "student" WHERE "email" = 'yaromero28@titanacademy.edu'), '2024-08-23', NULL),
((SELECT "student_id" FROM "student" WHERE "email" = 'iblee28@titanacademy.edu'), '2024-08-23', NULL),
((SELECT "student_id" FROM "student" WHERE "email" = 'sclyons28@titanacademy.edu'), '2024-08-23', NULL),
((SELECT "student_id" FROM "student" WHERE "email" = 'mahernandez28@titanacademy.edu'), '2023-09-18', NULL),
((SELECT "student_id" FROM "student" WHERE "email" = 'crchambers28@titanacademy.edu'), '2024-08-23', NULL),
((SELECT "student_id" FROM "student" WHERE "email" = 'ebkirby28@titanacademy.edu'), '2024-08-23', NULL),
((SELECT "student_id" FROM "student" WHERE "email" = 'eabryan28@titanacademy.edu'), '2024-08-23', NULL),
((SELECT "student_id" FROM "student" WHERE "email" = 'mcmartinez28@titanacademy.edu'), '2024-08-23', NULL),
((SELECT "student_id" FROM "student" WHERE "email" = 'eamaddox28@titanacademy.edu'), '2024-08-23', NULL),
((SELECT "student_id" FROM "student" WHERE "email" = 'cemccormick28@titanacademy.edu'), '2024-08-23', NULL),
((SELECT "student_id" FROM "student" WHERE "email" = 'aahall28@titanacademy.edu'), '2024-08-23', NULL),
((SELECT "student_id" FROM "student" WHERE "email" = 'pdvega28@titanacademy.edu'), '2024-08-23', NULL),
((SELECT "student_id" FROM "student" WHERE "email" = 'nkthompson28@titanacademy.edu'), '2024-01-24', NULL),
((SELECT "student_id" FROM "student" WHERE "email" = 'bjanderson28@titanacademy.edu'), '2024-08-23', NULL),
((SELECT "student_id" FROM "student" WHERE "email" = 'kebarnett28@titanacademy.edu'), '2024-08-23', NULL),
((SELECT "student_id" FROM "student" WHERE "email" = 'klholmes28@titanacademy.edu'), '2024-08-23', NULL),
((SELECT "student_id" FROM "student" WHERE "email" = 'ibmills28@titanacademy.edu'), '2024-08-23', NULL),
((SELECT "student_id" FROM "student" WHERE "email" = 'nmglover28@titanacademy.edu'), '2024-08-23', NULL),
((SELECT "student_id" FROM "student" WHERE "email" = 'ajvega28@titanacademy.edu'), '2024-08-23', NULL),
((SELECT "student_id" FROM "student" WHERE "email" = 'cmbennett28@titanacademy.edu'), '2024-08-23', NULL),
((SELECT "student_id" FROM "student" WHERE "email" = 'almartinez28@titanacademy.edu'), '2024-08-23', NULL),
((SELECT "student_id" FROM "student" WHERE "email" = 'mdrobinson28@titanacademy.edu'), '2024-08-23', NULL),
((SELECT "student_id" FROM "student" WHERE "email" = 'jdchung28@titanacademy.edu'), '2024-08-23', NULL),
((SELECT "student_id" FROM "student" WHERE "email" = 'xksmith28@titanacademy.edu'), '2024-08-23', NULL),
((SELECT "student_id" FROM "student" WHERE "email" = 'otsmith28@titanacademy.edu'), '2024-08-23', NULL),
((SELECT "student_id" FROM "student" WHERE "email" = 'dasantiago27@titanacademy.edu'), '2024-08-23', NULL),
((SELECT "student_id" FROM "student" WHERE "email" = 'jadawson27@titanacademy.edu'), '2024-08-23', NULL),
((SELECT "student_id" FROM "student" WHERE "email" = 'mshill27@titanacademy.edu'), '2024-08-23', NULL),
((SELECT "student_id" FROM "student" WHERE "email" = 'necarter27@titanacademy.edu'), '2024-08-23', NULL),
((SELECT "student_id" FROM "student" WHERE "email" = 'cmgonzalez27@titanacademy.edu'), '2024-08-23', NULL),
((SELECT "student_id" FROM "student" WHERE "email" = 'aaclark27@titanacademy.edu'), '2024-01-05', NULL),
((SELECT "student_id" FROM "student" WHERE "email" = 'hmjames27@titanacademy.edu'), '2024-08-23', NULL),
((SELECT "student_id" FROM "student" WHERE "email" = 'rkodom27@titanacademy.edu'), '2023-11-27', NULL),
((SELECT "student_id" FROM "student" WHERE "email" = 'drharris27@titanacademy.edu'), '2024-08-23', NULL),
((SELECT "student_id" FROM "student" WHERE "email" = 'jfyoung27@titanacademy.edu'), '2024-08-23', NULL),
((SELECT "student_id" FROM "student" WHERE "email" = 'ckmunoz27@titanacademy.edu'), '2024-08-23', NULL),
((SELECT "student_id" FROM "student" WHERE "email" = 'gnnielsen27@titanacademy.edu'), '2024-08-23', NULL),
((SELECT "student_id" FROM "student" WHERE "email" = 'ikbarnes27@titanacademy.edu'), '2024-02-28', NULL),
((SELECT "student_id" FROM "student" WHERE "email" = 'elreed27@titanacademy.edu'), '2024-08-23', NULL),
((SELECT "student_id" FROM "student" WHERE "email" = 'cjpittman27@titanacademy.edu'), '2024-01-18', NULL),
((SELECT "student_id" FROM "student" WHERE "email" = 'seadams27@titanacademy.edu'), '2024-08-23', NULL),
((SELECT "student_id" FROM "student" WHERE "email" = 'tnjackson27@titanacademy.edu'), '2024-08-23', NULL),
((SELECT "student_id" FROM "student" WHERE "email" = 'aytodd27@titanacademy.edu'), '2024-08-23', NULL),
((SELECT "student_id" FROM "student" WHERE "email" = 'eahorton27@titanacademy.edu'), '2024-08-23', NULL),
((SELECT "student_id" FROM "student" WHERE "email" = 'habarnes27@titanacademy.edu'), '2024-08-23', NULL),
((SELECT "student_id" FROM "student" WHERE "email" = 'meprice27@titanacademy.edu'), '2024-08-23', NULL),
((SELECT "student_id" FROM "student" WHERE "email" = 'jzcasey27@titanacademy.edu'), '2024-08-23', NULL),
((SELECT "student_id" FROM "student" WHERE "email" = 'jchancock27@titanacademy.edu'), '2024-08-23', NULL),
((SELECT "student_id" FROM "student" WHERE "email" = 'jsday27@titanacademy.edu'), '2024-08-23', NULL),
((SELECT "student_id" FROM "student" WHERE "email" = 'jtmartin27@titanacademy.edu'), '2024-08-23', NULL),
((SELECT "student_id" FROM "student" WHERE "email" = 'khcharles27@titanacademy.edu'), '2024-08-23', NULL),
((SELECT "student_id" FROM "student" WHERE "email" = 'acmcdonald27@titanacademy.edu'), '2024-08-23', NULL),
((SELECT "student_id" FROM "student" WHERE "email" = 'bamartin27@titanacademy.edu'), '2024-08-23', NULL),
((SELECT "student_id" FROM "student" WHERE "email" = 'nmpatterson27@titanacademy.edu'), '2024-08-23', NULL),
((SELECT "student_id" FROM "student" WHERE "email" = 'sjgonzalez27@titanacademy.edu'), '2024-08-23', NULL),
((SELECT "student_id" FROM "student" WHERE "email" = 'cmsampson27@titanacademy.edu'), '2024-08-23', NULL),
((SELECT "student_id" FROM "student" WHERE "email" = 'jctaylor27@titanacademy.edu'), '2024-08-23', NULL),
((SELECT "student_id" FROM "student" WHERE "email" = 'iscastillo27@titanacademy.edu'), '2024-08-23', NULL),
((SELECT "student_id" FROM "student" WHERE "email" = 'sesteele27@titanacademy.edu'), '2024-08-23', NULL),
((SELECT "student_id" FROM "student" WHERE "email" = 'rpmiller27@titanacademy.edu'), '2024-08-23', NULL),
((SELECT "student_id" FROM "student" WHERE "email" = 'kdwallace27@titanacademy.edu'), '2024-08-23', NULL),
((SELECT "student_id" FROM "student" WHERE "email" = 'ktware27@titanacademy.edu'), '2023-10-23', NULL),
((SELECT "student_id" FROM "student" WHERE "email" = 'lsreid27@titanacademy.edu'), '2024-08-23', NULL),
((SELECT "student_id" FROM "student" WHERE "email" = 'mplee27@titanacademy.edu'), '2024-02-07', NULL),
((SELECT "student_id" FROM "student" WHERE "email" = 'jcphillips27@titanacademy.edu'), '2024-08-23', NULL),
((SELECT "student_id" FROM "student" WHERE "email" = 'demadden27@titanacademy.edu'), '2023-12-28', NULL),
((SELECT "student_id" FROM "student" WHERE "email" = 'eemejia27@titanacademy.edu'), '2024-08-23', NULL),
((SELECT "student_id" FROM "student" WHERE "email" = 'amlowe27@titanacademy.edu'), '2024-08-23', NULL),
((SELECT "student_id" FROM "student" WHERE "email" = 'dagibson27@titanacademy.edu'), '2024-08-23', NULL),
((SELECT "student_id" FROM "student" WHERE "email" = 'dmpitts27@titanacademy.edu'), '2024-08-23', NULL),
((SELECT "student_id" FROM "student" WHERE "email" = 'kmgonzalez27@titanacademy.edu'), '2024-08-23', NULL),
((SELECT "student_id" FROM "student" WHERE "email" = 'cvking27@titanacademy.edu'), '2024-08-23', NULL),
((SELECT "student_id" FROM "student" WHERE "email" = 'sebrown27@titanacademy.edu'), '2024-08-23', NULL),
((SELECT "student_id" FROM "student" WHERE "email" = 'akgutierrez27@titanacademy.edu'), '2023-11-14', NULL),
((SELECT "student_id" FROM "student" WHERE "email" = 'yjcarter27@titanacademy.edu'), '2024-08-23', NULL),
((SELECT "student_id" FROM "student" WHERE "email" = 'jablackwell27@titanacademy.edu'), '2024-03-07', NULL),
((SELECT "student_id" FROM "student" WHERE "email" = 'bcsmith27@titanacademy.edu'), '2024-01-22', NULL),
((SELECT "student_id" FROM "student" WHERE "email" = 'msandrade27@titanacademy.edu'), '2024-08-23', NULL),
((SELECT "student_id" FROM "student" WHERE "email" = 'methompson27@titanacademy.edu'), '2024-08-23', NULL),
((SELECT "student_id" FROM "student" WHERE "email" = 'lbrichards27@titanacademy.edu'), '2024-08-23', NULL),
((SELECT "student_id" FROM "student" WHERE "email" = 'cjnunez27@titanacademy.edu'), '2024-08-23', NULL),
((SELECT "student_id" FROM "student" WHERE "email" = 'jljones27@titanacademy.edu'), '2024-08-23', NULL),
((SELECT "student_id" FROM "student" WHERE "email" = 'avbrown27@titanacademy.edu'), '2024-08-23', NULL),
((SELECT "student_id" FROM "student" WHERE "email" = 'hlmckinney27@titanacademy.edu'), '2024-08-23', NULL),
((SELECT "student_id" FROM "student" WHERE "email" = 'bzbrown27@titanacademy.edu'), '2024-08-23', NULL),
((SELECT "student_id" FROM "student" WHERE "email" = 'ckwatkins27@titanacademy.edu'), '2024-08-23', NULL),
((SELECT "student_id" FROM "student" WHERE "email" = 'ramacdonald27@titanacademy.edu'), '2024-08-23', NULL),
((SELECT "student_id" FROM "student" WHERE "email" = 'sdmahoney27@titanacademy.edu'), '2024-08-23', NULL),
((SELECT "student_id" FROM "student" WHERE "email" = 'ipaguilar27@titanacademy.edu'), '2024-08-23', NULL),
((SELECT "student_id" FROM "student" WHERE "email" = 'sjmathis27@titanacademy.edu'), '2024-08-23', NULL),
((SELECT "student_id" FROM "student" WHERE "email" = 'bmparker27@titanacademy.edu'), '2024-08-23', NULL),
((SELECT "student_id" FROM "student" WHERE "email" = 'lamiller27@titanacademy.edu'), '2024-08-23', NULL),
((SELECT "student_id" FROM "student" WHERE "email" = 'ejstevens27@titanacademy.edu'), '2024-08-23', NULL),
((SELECT "student_id" FROM "student" WHERE "email" = 'jkgarrett27@titanacademy.edu'), '2024-08-23', NULL),
((SELECT "student_id" FROM "student" WHERE "email" = 'cmflores27@titanacademy.edu'), '2024-08-23', NULL),
((SELECT "student_id" FROM "student" WHERE "email" = 'rkgross27@titanacademy.edu'), '2024-08-23', NULL),
((SELECT "student_id" FROM "student" WHERE "email" = 'jzsanchez27@titanacademy.edu'), '2024-08-23', NULL),
((SELECT "student_id" FROM "student" WHERE "email" = 'slbrewer27@titanacademy.edu'), '2023-12-25', NULL),
((SELECT "student_id" FROM "student" WHERE "email" = 'lrfisher27@titanacademy.edu'), '2024-08-23', NULL),
((SELECT "student_id" FROM "student" WHERE "email" = 'mbcaldwell27@titanacademy.edu'), '2024-02-19', NULL),
((SELECT "student_id" FROM "student" WHERE "email" = 'fmjackson27@titanacademy.edu'), '2024-08-23', NULL),
((SELECT "student_id" FROM "student" WHERE "email" = 'lelewis27@titanacademy.edu'), '2024-01-25', NULL),
((SELECT "student_id" FROM "student" WHERE "email" = 'pkwalker27@titanacademy.edu'), '2024-08-23', NULL),
((SELECT "student_id" FROM "student" WHERE "email" = 'babrown27@titanacademy.edu'), '2024-03-19', NULL),
((SELECT "student_id" FROM "student" WHERE "email" = 'krgarrison27@titanacademy.edu'), '2024-08-23', NULL),
((SELECT "student_id" FROM "student" WHERE "email" = 'rpdavis27@titanacademy.edu'), '2024-08-23', NULL),
((SELECT "student_id" FROM "student" WHERE "email" = 'esshannon27@titanacademy.edu'), '2024-08-23', NULL),
((SELECT "student_id" FROM "student" WHERE "email" = 'wdparker27@titanacademy.edu'), '2024-08-23', NULL);


INSERT INTO "student_grade_levels" ("student_id", "grade_level_id")
VALUES
((SELECT "student_id" FROM "student" WHERE "email" = 'atwhitehead29@titanacademy.edu'), (SELECT "grade_level_id" FROM "grade_levels" WHERE "grade_level_name" = '6th Grade')),
((SELECT "student_id" FROM "student" WHERE "email" = 'lhroy29@titanacademy.edu'), (SELECT "grade_level_id" FROM "grade_levels" WHERE "grade_level_name" = '6th Grade')),
((SELECT "student_id" FROM "student" WHERE "email" = 'eaboyd29@titanacademy.edu'), (SELECT "grade_level_id" FROM "grade_levels" WHERE "grade_level_name" = '6th Grade')),
((SELECT "student_id" FROM "student" WHERE "email" = 'akhouston29@titanacademy.edu'), (SELECT "grade_level_id" FROM "grade_levels" WHERE "grade_level_name" = '6th Grade')),
((SELECT "student_id" FROM "student" WHERE "email" = 'dmwalker29@titanacademy.edu'), (SELECT "grade_level_id" FROM "grade_levels" WHERE "grade_level_name" = '6th Grade')),
((SELECT "student_id" FROM "student" WHERE "email" = 'qjoneal29@titanacademy.edu'), (SELECT "grade_level_id" FROM "grade_levels" WHERE "grade_level_name" = '6th Grade')),
((SELECT "student_id" FROM "student" WHERE "email" = 'mbmarquez29@titanacademy.edu'), (SELECT "grade_level_id" FROM "grade_levels" WHERE "grade_level_name" = '6th Grade')),
((SELECT "student_id" FROM "student" WHERE "email" = 'jssullivan29@titanacademy.edu'), (SELECT "grade_level_id" FROM "grade_levels" WHERE "grade_level_name" = '6th Grade')),
((SELECT "student_id" FROM "student" WHERE "email" = 'plperry29@titanacademy.edu'), (SELECT "grade_level_id" FROM "grade_levels" WHERE "grade_level_name" = '6th Grade')),
((SELECT "student_id" FROM "student" WHERE "email" = 'ezdelgado29@titanacademy.edu'), (SELECT "grade_level_id" FROM "grade_levels" WHERE "grade_level_name" = '6th Grade')),
((SELECT "student_id" FROM "student" WHERE "email" = 'aastanley29@titanacademy.edu'), (SELECT "grade_level_id" FROM "grade_levels" WHERE "grade_level_name" = '6th Grade')),
((SELECT "student_id" FROM "student" WHERE "email" = 'karoth29@titanacademy.edu'), (SELECT "grade_level_id" FROM "grade_levels" WHERE "grade_level_name" = '6th Grade')),
((SELECT "student_id" FROM "student" WHERE "email" = 'hnmoore29@titanacademy.edu'), (SELECT "grade_level_id" FROM "grade_levels" WHERE "grade_level_name" = '6th Grade')),
((SELECT "student_id" FROM "student" WHERE "email" = 'ujwade29@titanacademy.edu'), (SELECT "grade_level_id" FROM "grade_levels" WHERE "grade_level_name" = '6th Grade')),
((SELECT "student_id" FROM "student" WHERE "email" = 'ddadams29@titanacademy.edu'), (SELECT "grade_level_id" FROM "grade_levels" WHERE "grade_level_name" = '6th Grade')),
((SELECT "student_id" FROM "student" WHERE "email" = 'dkrowe29@titanacademy.edu'), (SELECT "grade_level_id" FROM "grade_levels" WHERE "grade_level_name" = '6th Grade')),
((SELECT "student_id" FROM "student" WHERE "email" = 'lkmendoza29@titanacademy.edu'), (SELECT "grade_level_id" FROM "grade_levels" WHERE "grade_level_name" = '6th Grade')),
((SELECT "student_id" FROM "student" WHERE "email" = 'mdmoore29@titanacademy.edu'), (SELECT "grade_level_id" FROM "grade_levels" WHERE "grade_level_name" = '6th Grade')),
((SELECT "student_id" FROM "student" WHERE "email" = 'ktpage29@titanacademy.edu'), (SELECT "grade_level_id" FROM "grade_levels" WHERE "grade_level_name" = '6th Grade')),
((SELECT "student_id" FROM "student" WHERE "email" = 'ihromero29@titanacademy.edu'), (SELECT "grade_level_id" FROM "grade_levels" WHERE "grade_level_name" = '6th Grade')),
((SELECT "student_id" FROM "student" WHERE "email" = 'dfwilliams29@titanacademy.edu'), (SELECT "grade_level_id" FROM "grade_levels" WHERE "grade_level_name" = '6th Grade')),
((SELECT "student_id" FROM "student" WHERE "email" = 'simorris29@titanacademy.edu'), (SELECT "grade_level_id" FROM "grade_levels" WHERE "grade_level_name" = '6th Grade')),
((SELECT "student_id" FROM "student" WHERE "email" = 'jjhenderson29@titanacademy.edu'), (SELECT "grade_level_id" FROM "grade_levels" WHERE "grade_level_name" = '6th Grade')),
((SELECT "student_id" FROM "student" WHERE "email" = 'jtrobinson29@titanacademy.edu'), (SELECT "grade_level_id" FROM "grade_levels" WHERE "grade_level_name" = '6th Grade')),
((SELECT "student_id" FROM "student" WHERE "email" = 'eowhitehead29@titanacademy.edu'), (SELECT "grade_level_id" FROM "grade_levels" WHERE "grade_level_name" = '6th Grade')),
((SELECT "student_id" FROM "student" WHERE "email" = 'dtrodriguez29@titanacademy.edu'), (SELECT "grade_level_id" FROM "grade_levels" WHERE "grade_level_name" = '6th Grade')),
((SELECT "student_id" FROM "student" WHERE "email" = 'mpdoyle29@titanacademy.edu'), (SELECT "grade_level_id" FROM "grade_levels" WHERE "grade_level_name" = '6th Grade')),
((SELECT "student_id" FROM "student" WHERE "email" = 'knjohnston29@titanacademy.edu'), (SELECT "grade_level_id" FROM "grade_levels" WHERE "grade_level_name" = '6th Grade')),
((SELECT "student_id" FROM "student" WHERE "email" = 'kkporter29@titanacademy.edu'), (SELECT "grade_level_id" FROM "grade_levels" WHERE "grade_level_name" = '6th Grade')),
((SELECT "student_id" FROM "student" WHERE "email" = 'wcperry29@titanacademy.edu'), (SELECT "grade_level_id" FROM "grade_levels" WHERE "grade_level_name" = '6th Grade')),
((SELECT "student_id" FROM "student" WHERE "email" = 'sbsmith29@titanacademy.edu'), (SELECT "grade_level_id" FROM "grade_levels" WHERE "grade_level_name" = '6th Grade')),
((SELECT "student_id" FROM "student" WHERE "email" = 'aaluna29@titanacademy.edu'), (SELECT "grade_level_id" FROM "grade_levels" WHERE "grade_level_name" = '6th Grade')),
((SELECT "student_id" FROM "student" WHERE "email" = 'jefuller29@titanacademy.edu'), (SELECT "grade_level_id" FROM "grade_levels" WHERE "grade_level_name" = '6th Grade')),
((SELECT "student_id" FROM "student" WHERE "email" = 'cnarnold29@titanacademy.edu'), (SELECT "grade_level_id" FROM "grade_levels" WHERE "grade_level_name" = '6th Grade')),
((SELECT "student_id" FROM "student" WHERE "email" = 'amanderson29@titanacademy.edu'), (SELECT "grade_level_id" FROM "grade_levels" WHERE "grade_level_name" = '6th Grade')),
((SELECT "student_id" FROM "student" WHERE "email" = 'bpschultz29@titanacademy.edu'), (SELECT "grade_level_id" FROM "grade_levels" WHERE "grade_level_name" = '6th Grade')),
((SELECT "student_id" FROM "student" WHERE "email" = 'bagarza29@titanacademy.edu'), (SELECT "grade_level_id" FROM "grade_levels" WHERE "grade_level_name" = '6th Grade')),
((SELECT "student_id" FROM "student" WHERE "email" = 'adhughes29@titanacademy.edu'), (SELECT "grade_level_id" FROM "grade_levels" WHERE "grade_level_name" = '6th Grade')),
((SELECT "student_id" FROM "student" WHERE "email" = 'aoscott29@titanacademy.edu'), (SELECT "grade_level_id" FROM "grade_levels" WHERE "grade_level_name" = '6th Grade')),
((SELECT "student_id" FROM "student" WHERE "email" = 'madominguez29@titanacademy.edu'), (SELECT "grade_level_id" FROM "grade_levels" WHERE "grade_level_name" = '6th Grade')),
((SELECT "student_id" FROM "student" WHERE "email" = 'dndixon29@titanacademy.edu'), (SELECT "grade_level_id" FROM "grade_levels" WHERE "grade_level_name" = '6th Grade')),
((SELECT "student_id" FROM "student" WHERE "email" = 'rcgonzalez29@titanacademy.edu'), (SELECT "grade_level_id" FROM "grade_levels" WHERE "grade_level_name" = '6th Grade')),
((SELECT "student_id" FROM "student" WHERE "email" = 'emvega29@titanacademy.edu'), (SELECT "grade_level_id" FROM "grade_levels" WHERE "grade_level_name" = '6th Grade')),
((SELECT "student_id" FROM "student" WHERE "email" = 'jpellis29@titanacademy.edu'), (SELECT "grade_level_id" FROM "grade_levels" WHERE "grade_level_name" = '6th Grade')),
((SELECT "student_id" FROM "student" WHERE "email" = 'kplopez29@titanacademy.edu'), (SELECT "grade_level_id" FROM "grade_levels" WHERE "grade_level_name" = '6th Grade')),
((SELECT "student_id" FROM "student" WHERE "email" = 'rlsmith29@titanacademy.edu'), (SELECT "grade_level_id" FROM "grade_levels" WHERE "grade_level_name" = '6th Grade')),
((SELECT "student_id" FROM "student" WHERE "email" = 'haweber29@titanacademy.edu'), (SELECT "grade_level_id" FROM "grade_levels" WHERE "grade_level_name" = '6th Grade')),
((SELECT "student_id" FROM "student" WHERE "email" = 'jjlong29@titanacademy.edu'), (SELECT "grade_level_id" FROM "grade_levels" WHERE "grade_level_name" = '6th Grade')),
((SELECT "student_id" FROM "student" WHERE "email" = 'kmwilson29@titanacademy.edu'), (SELECT "grade_level_id" FROM "grade_levels" WHERE "grade_level_name" = '6th Grade')),
((SELECT "student_id" FROM "student" WHERE "email" = 'acwilliams29@titanacademy.edu'), (SELECT "grade_level_id" FROM "grade_levels" WHERE "grade_level_name" = '6th Grade')),
((SELECT "student_id" FROM "student" WHERE "email" = 'ekcurtis29@titanacademy.edu'), (SELECT "grade_level_id" FROM "grade_levels" WHERE "grade_level_name" = '6th Grade')),
((SELECT "student_id" FROM "student" WHERE "email" = 'bcbauer29@titanacademy.edu'), (SELECT "grade_level_id" FROM "grade_levels" WHERE "grade_level_name" = '6th Grade')),
((SELECT "student_id" FROM "student" WHERE "email" = 'racampbell29@titanacademy.edu'), (SELECT "grade_level_id" FROM "grade_levels" WHERE "grade_level_name" = '6th Grade')),
((SELECT "student_id" FROM "student" WHERE "email" = 'amwalker29@titanacademy.edu'), (SELECT "grade_level_id" FROM "grade_levels" WHERE "grade_level_name" = '6th Grade')),
((SELECT "student_id" FROM "student" WHERE "email" = 'ljhayes29@titanacademy.edu'), (SELECT "grade_level_id" FROM "grade_levels" WHERE "grade_level_name" = '6th Grade')),
((SELECT "student_id" FROM "student" WHERE "email" = 'lrwilson29@titanacademy.edu'), (SELECT "grade_level_id" FROM "grade_levels" WHERE "grade_level_name" = '6th Grade')),
((SELECT "student_id" FROM "student" WHERE "email" = 'lawilson29@titanacademy.edu'), (SELECT "grade_level_id" FROM "grade_levels" WHERE "grade_level_name" = '6th Grade')),
((SELECT "student_id" FROM "student" WHERE "email" = 'lnford29@titanacademy.edu'), (SELECT "grade_level_id" FROM "grade_levels" WHERE "grade_level_name" = '6th Grade')),
((SELECT "student_id" FROM "student" WHERE "email" = 'lgmcguire29@titanacademy.edu'), (SELECT "grade_level_id" FROM "grade_levels" WHERE "grade_level_name" = '6th Grade')),
((SELECT "student_id" FROM "student" WHERE "email" = 'mbgross29@titanacademy.edu'), (SELECT "grade_level_id" FROM "grade_levels" WHERE "grade_level_name" = '6th Grade')),
((SELECT "student_id" FROM "student" WHERE "email" = 'mhschaefer29@titanacademy.edu'), (SELECT "grade_level_id" FROM "grade_levels" WHERE "grade_level_name" = '6th Grade')),
((SELECT "student_id" FROM "student" WHERE "email" = 'ajlester29@titanacademy.edu'), (SELECT "grade_level_id" FROM "grade_levels" WHERE "grade_level_name" = '6th Grade')),
((SELECT "student_id" FROM "student" WHERE "email" = 'kmvang29@titanacademy.edu'), (SELECT "grade_level_id" FROM "grade_levels" WHERE "grade_level_name" = '6th Grade')),
((SELECT "student_id" FROM "student" WHERE "email" = 'ajwright29@titanacademy.edu'), (SELECT "grade_level_id" FROM "grade_levels" WHERE "grade_level_name" = '6th Grade')),
((SELECT "student_id" FROM "student" WHERE "email" = 'ckochoa29@titanacademy.edu'), (SELECT "grade_level_id" FROM "grade_levels" WHERE "grade_level_name" = '6th Grade')),
((SELECT "student_id" FROM "student" WHERE "email" = 'kycox29@titanacademy.edu'), (SELECT "grade_level_id" FROM "grade_levels" WHERE "grade_level_name" = '6th Grade')),
((SELECT "student_id" FROM "student" WHERE "email" = 'njpotts29@titanacademy.edu'), (SELECT "grade_level_id" FROM "grade_levels" WHERE "grade_level_name" = '6th Grade')),
((SELECT "student_id" FROM "student" WHERE "email" = 'rksims29@titanacademy.edu'), (SELECT "grade_level_id" FROM "grade_levels" WHERE "grade_level_name" = '6th Grade')),
((SELECT "student_id" FROM "student" WHERE "email" = 'qpbrown29@titanacademy.edu'), (SELECT "grade_level_id" FROM "grade_levels" WHERE "grade_level_name" = '6th Grade')),
((SELECT "student_id" FROM "student" WHERE "email" = 'aakelley29@titanacademy.edu'), (SELECT "grade_level_id" FROM "grade_levels" WHERE "grade_level_name" = '6th Grade')),
((SELECT "student_id" FROM "student" WHERE "email" = 'msherrera29@titanacademy.edu'), (SELECT "grade_level_id" FROM "grade_levels" WHERE "grade_level_name" = '6th Grade')),
((SELECT "student_id" FROM "student" WHERE "email" = 'cmbrown29@titanacademy.edu'), (SELECT "grade_level_id" FROM "grade_levels" WHERE "grade_level_name" = '6th Grade')),
((SELECT "student_id" FROM "student" WHERE "email" = 'fkherman29@titanacademy.edu'), (SELECT "grade_level_id" FROM "grade_levels" WHERE "grade_level_name" = '6th Grade')),
((SELECT "student_id" FROM "student" WHERE "email" = 'knsmith29@titanacademy.edu'), (SELECT "grade_level_id" FROM "grade_levels" WHERE "grade_level_name" = '6th Grade')),
((SELECT "student_id" FROM "student" WHERE "email" = 'krjones29@titanacademy.edu'), (SELECT "grade_level_id" FROM "grade_levels" WHERE "grade_level_name" = '6th Grade')),
((SELECT "student_id" FROM "student" WHERE "email" = 'cyclark29@titanacademy.edu'), (SELECT "grade_level_id" FROM "grade_levels" WHERE "grade_level_name" = '6th Grade')),
((SELECT "student_id" FROM "student" WHERE "email" = 'bjwells29@titanacademy.edu'), (SELECT "grade_level_id" FROM "grade_levels" WHERE "grade_level_name" = '6th Grade')),
((SELECT "student_id" FROM "student" WHERE "email" = 'kdthomas29@titanacademy.edu'), (SELECT "grade_level_id" FROM "grade_levels" WHERE "grade_level_name" = '6th Grade')),
((SELECT "student_id" FROM "student" WHERE "email" = 'labrown29@titanacademy.edu'), (SELECT "grade_level_id" FROM "grade_levels" WHERE "grade_level_name" = '6th Grade')),
((SELECT "student_id" FROM "student" WHERE "email" = 'algibson29@titanacademy.edu'), (SELECT "grade_level_id" FROM "grade_levels" WHERE "grade_level_name" = '6th Grade')),
((SELECT "student_id" FROM "student" WHERE "email" = 'mjgalvan29@titanacademy.edu'), (SELECT "grade_level_id" FROM "grade_levels" WHERE "grade_level_name" = '6th Grade')),
((SELECT "student_id" FROM "student" WHERE "email" = 'allara29@titanacademy.edu'), (SELECT "grade_level_id" FROM "grade_levels" WHERE "grade_level_name" = '6th Grade')),
((SELECT "student_id" FROM "student" WHERE "email" = 'aekennedy29@titanacademy.edu'), (SELECT "grade_level_id" FROM "grade_levels" WHERE "grade_level_name" = '6th Grade')),
((SELECT "student_id" FROM "student" WHERE "email" = 'ivandrews29@titanacademy.edu'), (SELECT "grade_level_id" FROM "grade_levels" WHERE "grade_level_name" = '6th Grade')),
((SELECT "student_id" FROM "student" WHERE "email" = 'sajuarez28@titanacademy.edu'), (SELECT "grade_level_id" FROM "grade_levels" WHERE "grade_level_name" = '7th Grade')),
((SELECT "student_id" FROM "student" WHERE "email" = 'bjgallagher28@titanacademy.edu'), (SELECT "grade_level_id" FROM "grade_levels" WHERE "grade_level_name" = '7th Grade')),
((SELECT "student_id" FROM "student" WHERE "email" = 'hjcontreras28@titanacademy.edu'), (SELECT "grade_level_id" FROM "grade_levels" WHERE "grade_level_name" = '7th Grade')),
((SELECT "student_id" FROM "student" WHERE "email" = 'aepark28@titanacademy.edu'), (SELECT "grade_level_id" FROM "grade_levels" WHERE "grade_level_name" = '7th Grade')),
((SELECT "student_id" FROM "student" WHERE "email" = 'mbwalls28@titanacademy.edu'), (SELECT "grade_level_id" FROM "grade_levels" WHERE "grade_level_name" = '7th Grade')),
((SELECT "student_id" FROM "student" WHERE "email" = 'mvpatel28@titanacademy.edu'), (SELECT "grade_level_id" FROM "grade_levels" WHERE "grade_level_name" = '7th Grade')),
((SELECT "student_id" FROM "student" WHERE "email" = 'imwells28@titanacademy.edu'), (SELECT "grade_level_id" FROM "grade_levels" WHERE "grade_level_name" = '7th Grade')),
((SELECT "student_id" FROM "student" WHERE "email" = 'ukwatson28@titanacademy.edu'), (SELECT "grade_level_id" FROM "grade_levels" WHERE "grade_level_name" = '7th Grade')),
((SELECT "student_id" FROM "student" WHERE "email" = 'cahays28@titanacademy.edu'), (SELECT "grade_level_id" FROM "grade_levels" WHERE "grade_level_name" = '7th Grade')),
((SELECT "student_id" FROM "student" WHERE "email" = 'celowery28@titanacademy.edu'), (SELECT "grade_level_id" FROM "grade_levels" WHERE "grade_level_name" = '7th Grade')),
((SELECT "student_id" FROM "student" WHERE "email" = 'kkgraham28@titanacademy.edu'), (SELECT "grade_level_id" FROM "grade_levels" WHERE "grade_level_name" = '7th Grade')),
((SELECT "student_id" FROM "student" WHERE "email" = 'jthill28@titanacademy.edu'), (SELECT "grade_level_id" FROM "grade_levels" WHERE "grade_level_name" = '7th Grade')),
((SELECT "student_id" FROM "student" WHERE "email" = 'angreen28@titanacademy.edu'), (SELECT "grade_level_id" FROM "grade_levels" WHERE "grade_level_name" = '7th Grade')),
((SELECT "student_id" FROM "student" WHERE "email" = 'ljprice28@titanacademy.edu'), (SELECT "grade_level_id" FROM "grade_levels" WHERE "grade_level_name" = '7th Grade')),
((SELECT "student_id" FROM "student" WHERE "email" = 'cmberg28@titanacademy.edu'), (SELECT "grade_level_id" FROM "grade_levels" WHERE "grade_level_name" = '7th Grade')),
((SELECT "student_id" FROM "student" WHERE "email" = 'ktmccarty28@titanacademy.edu'), (SELECT "grade_level_id" FROM "grade_levels" WHERE "grade_level_name" = '7th Grade')),
((SELECT "student_id" FROM "student" WHERE "email" = 'mjsmith28@titanacademy.edu'), (SELECT "grade_level_id" FROM "grade_levels" WHERE "grade_level_name" = '7th Grade')),
((SELECT "student_id" FROM "student" WHERE "email" = 'ecmcdonald28@titanacademy.edu'), (SELECT "grade_level_id" FROM "grade_levels" WHERE "grade_level_name" = '7th Grade')),
((SELECT "student_id" FROM "student" WHERE "email" = 'jkrobinson28@titanacademy.edu'), (SELECT "grade_level_id" FROM "grade_levels" WHERE "grade_level_name" = '7th Grade')),
((SELECT "student_id" FROM "student" WHERE "email" = 'rcgrimes28@titanacademy.edu'), (SELECT "grade_level_id" FROM "grade_levels" WHERE "grade_level_name" = '7th Grade')),
((SELECT "student_id" FROM "student" WHERE "email" = 'nskirk28@titanacademy.edu'), (SELECT "grade_level_id" FROM "grade_levels" WHERE "grade_level_name" = '7th Grade')),
((SELECT "student_id" FROM "student" WHERE "email" = 'lkjones28@titanacademy.edu'), (SELECT "grade_level_id" FROM "grade_levels" WHERE "grade_level_name" = '7th Grade')),
((SELECT "student_id" FROM "student" WHERE "email" = 'nkcoleman28@titanacademy.edu'), (SELECT "grade_level_id" FROM "grade_levels" WHERE "grade_level_name" = '7th Grade')),
((SELECT "student_id" FROM "student" WHERE "email" = 'lhramos28@titanacademy.edu'), (SELECT "grade_level_id" FROM "grade_levels" WHERE "grade_level_name" = '7th Grade')),
((SELECT "student_id" FROM "student" WHERE "email" = 'akwalker28@titanacademy.edu'), (SELECT "grade_level_id" FROM "grade_levels" WHERE "grade_level_name" = '7th Grade')),
((SELECT "student_id" FROM "student" WHERE "email" = 'lkcarroll28@titanacademy.edu'), (SELECT "grade_level_id" FROM "grade_levels" WHERE "grade_level_name" = '7th Grade')),
((SELECT "student_id" FROM "student" WHERE "email" = 'wjflynn28@titanacademy.edu'), (SELECT "grade_level_id" FROM "grade_levels" WHERE "grade_level_name" = '7th Grade')),
((SELECT "student_id" FROM "student" WHERE "email" = 'jtwalters28@titanacademy.edu'), (SELECT "grade_level_id" FROM "grade_levels" WHERE "grade_level_name" = '7th Grade')),
((SELECT "student_id" FROM "student" WHERE "email" = 'xapatrick28@titanacademy.edu'), (SELECT "grade_level_id" FROM "grade_levels" WHERE "grade_level_name" = '7th Grade')),
((SELECT "student_id" FROM "student" WHERE "email" = 'nlchapman28@titanacademy.edu'), (SELECT "grade_level_id" FROM "grade_levels" WHERE "grade_level_name" = '7th Grade')),
((SELECT "student_id" FROM "student" WHERE "email" = 'acwiley28@titanacademy.edu'), (SELECT "grade_level_id" FROM "grade_levels" WHERE "grade_level_name" = '7th Grade')),
((SELECT "student_id" FROM "student" WHERE "email" = 'yamarsh28@titanacademy.edu'), (SELECT "grade_level_id" FROM "grade_levels" WHERE "grade_level_name" = '7th Grade')),
((SELECT "student_id" FROM "student" WHERE "email" = 'kmhodges28@titanacademy.edu'), (SELECT "grade_level_id" FROM "grade_levels" WHERE "grade_level_name" = '7th Grade')),
((SELECT "student_id" FROM "student" WHERE "email" = 'rmsalazar28@titanacademy.edu'), (SELECT "grade_level_id" FROM "grade_levels" WHERE "grade_level_name" = '7th Grade')),
((SELECT "student_id" FROM "student" WHERE "email" = 'ddpalmer28@titanacademy.edu'), (SELECT "grade_level_id" FROM "grade_levels" WHERE "grade_level_name" = '7th Grade')),
((SELECT "student_id" FROM "student" WHERE "email" = 'aahawkins28@titanacademy.edu'), (SELECT "grade_level_id" FROM "grade_levels" WHERE "grade_level_name" = '7th Grade')),
((SELECT "student_id" FROM "student" WHERE "email" = 'kcfreeman28@titanacademy.edu'), (SELECT "grade_level_id" FROM "grade_levels" WHERE "grade_level_name" = '7th Grade')),
((SELECT "student_id" FROM "student" WHERE "email" = 'ljgregory28@titanacademy.edu'), (SELECT "grade_level_id" FROM "grade_levels" WHERE "grade_level_name" = '7th Grade')),
((SELECT "student_id" FROM "student" WHERE "email" = 'dtsullivan28@titanacademy.edu'), (SELECT "grade_level_id" FROM "grade_levels" WHERE "grade_level_name" = '7th Grade')),
((SELECT "student_id" FROM "student" WHERE "email" = 'jfmorales28@titanacademy.edu'), (SELECT "grade_level_id" FROM "grade_levels" WHERE "grade_level_name" = '7th Grade')),
((SELECT "student_id" FROM "student" WHERE "email" = 'rmhodges28@titanacademy.edu'), (SELECT "grade_level_id" FROM "grade_levels" WHERE "grade_level_name" = '7th Grade')),
((SELECT "student_id" FROM "student" WHERE "email" = 'mapope28@titanacademy.edu'), (SELECT "grade_level_id" FROM "grade_levels" WHERE "grade_level_name" = '7th Grade')),
((SELECT "student_id" FROM "student" WHERE "email" = 'ddwarner28@titanacademy.edu'), (SELECT "grade_level_id" FROM "grade_levels" WHERE "grade_level_name" = '7th Grade')),
((SELECT "student_id" FROM "student" WHERE "email" = 'njgallagher28@titanacademy.edu'), (SELECT "grade_level_id" FROM "grade_levels" WHERE "grade_level_name" = '7th Grade')),
((SELECT "student_id" FROM "student" WHERE "email" = 'hmcarpenter28@titanacademy.edu'), (SELECT "grade_level_id" FROM "grade_levels" WHERE "grade_level_name" = '7th Grade')),
((SELECT "student_id" FROM "student" WHERE "email" = 'mmpugh28@titanacademy.edu'), (SELECT "grade_level_id" FROM "grade_levels" WHERE "grade_level_name" = '7th Grade')),
((SELECT "student_id" FROM "student" WHERE "email" = 'eawyatt28@titanacademy.edu'), (SELECT "grade_level_id" FROM "grade_levels" WHERE "grade_level_name" = '7th Grade')),
((SELECT "student_id" FROM "student" WHERE "email" = 'jnfletcher28@titanacademy.edu'), (SELECT "grade_level_id" FROM "grade_levels" WHERE "grade_level_name" = '7th Grade')),
((SELECT "student_id" FROM "student" WHERE "email" = 'jbmoon28@titanacademy.edu'), (SELECT "grade_level_id" FROM "grade_levels" WHERE "grade_level_name" = '7th Grade')),
((SELECT "student_id" FROM "student" WHERE "email" = 'mjperez28@titanacademy.edu'), (SELECT "grade_level_id" FROM "grade_levels" WHERE "grade_level_name" = '7th Grade')),
((SELECT "student_id" FROM "student" WHERE "email" = 'acfuller28@titanacademy.edu'), (SELECT "grade_level_id" FROM "grade_levels" WHERE "grade_level_name" = '7th Grade')),
((SELECT "student_id" FROM "student" WHERE "email" = 'stbennett28@titanacademy.edu'), (SELECT "grade_level_id" FROM "grade_levels" WHERE "grade_level_name" = '7th Grade')),
((SELECT "student_id" FROM "student" WHERE "email" = 'afgriffin28@titanacademy.edu'), (SELECT "grade_level_id" FROM "grade_levels" WHERE "grade_level_name" = '7th Grade')),
((SELECT "student_id" FROM "student" WHERE "email" = 'scroberts28@titanacademy.edu'), (SELECT "grade_level_id" FROM "grade_levels" WHERE "grade_level_name" = '7th Grade')),
((SELECT "student_id" FROM "student" WHERE "email" = 'jrjacobs28@titanacademy.edu'), (SELECT "grade_level_id" FROM "grade_levels" WHERE "grade_level_name" = '7th Grade')),
((SELECT "student_id" FROM "student" WHERE "email" = 'mmhines28@titanacademy.edu'), (SELECT "grade_level_id" FROM "grade_levels" WHERE "grade_level_name" = '7th Grade')),
((SELECT "student_id" FROM "student" WHERE "email" = 'jegonzalez28@titanacademy.edu'), (SELECT "grade_level_id" FROM "grade_levels" WHERE "grade_level_name" = '7th Grade')),
((SELECT "student_id" FROM "student" WHERE "email" = 'smoneill28@titanacademy.edu'), (SELECT "grade_level_id" FROM "grade_levels" WHERE "grade_level_name" = '7th Grade')),
((SELECT "student_id" FROM "student" WHERE "email" = 'yaromero28@titanacademy.edu'), (SELECT "grade_level_id" FROM "grade_levels" WHERE "grade_level_name" = '7th Grade')),
((SELECT "student_id" FROM "student" WHERE "email" = 'iblee28@titanacademy.edu'), (SELECT "grade_level_id" FROM "grade_levels" WHERE "grade_level_name" = '7th Grade')),
((SELECT "student_id" FROM "student" WHERE "email" = 'sclyons28@titanacademy.edu'), (SELECT "grade_level_id" FROM "grade_levels" WHERE "grade_level_name" = '7th Grade')),
((SELECT "student_id" FROM "student" WHERE "email" = 'mahernandez28@titanacademy.edu'), (SELECT "grade_level_id" FROM "grade_levels" WHERE "grade_level_name" = '7th Grade')),
((SELECT "student_id" FROM "student" WHERE "email" = 'crchambers28@titanacademy.edu'), (SELECT "grade_level_id" FROM "grade_levels" WHERE "grade_level_name" = '7th Grade')),
((SELECT "student_id" FROM "student" WHERE "email" = 'ebkirby28@titanacademy.edu'), (SELECT "grade_level_id" FROM "grade_levels" WHERE "grade_level_name" = '7th Grade')),
((SELECT "student_id" FROM "student" WHERE "email" = 'eabryan28@titanacademy.edu'), (SELECT "grade_level_id" FROM "grade_levels" WHERE "grade_level_name" = '7th Grade')),
((SELECT "student_id" FROM "student" WHERE "email" = 'mcmartinez28@titanacademy.edu'), (SELECT "grade_level_id" FROM "grade_levels" WHERE "grade_level_name" = '7th Grade')),
((SELECT "student_id" FROM "student" WHERE "email" = 'eamaddox28@titanacademy.edu'), (SELECT "grade_level_id" FROM "grade_levels" WHERE "grade_level_name" = '7th Grade')),
((SELECT "student_id" FROM "student" WHERE "email" = 'cemccormick28@titanacademy.edu'), (SELECT "grade_level_id" FROM "grade_levels" WHERE "grade_level_name" = '7th Grade')),
((SELECT "student_id" FROM "student" WHERE "email" = 'aahall28@titanacademy.edu'), (SELECT "grade_level_id" FROM "grade_levels" WHERE "grade_level_name" = '7th Grade')),
((SELECT "student_id" FROM "student" WHERE "email" = 'pdvega28@titanacademy.edu'), (SELECT "grade_level_id" FROM "grade_levels" WHERE "grade_level_name" = '7th Grade')),
((SELECT "student_id" FROM "student" WHERE "email" = 'nkthompson28@titanacademy.edu'), (SELECT "grade_level_id" FROM "grade_levels" WHERE "grade_level_name" = '7th Grade')),
((SELECT "student_id" FROM "student" WHERE "email" = 'bjanderson28@titanacademy.edu'), (SELECT "grade_level_id" FROM "grade_levels" WHERE "grade_level_name" = '7th Grade')),
((SELECT "student_id" FROM "student" WHERE "email" = 'kebarnett28@titanacademy.edu'), (SELECT "grade_level_id" FROM "grade_levels" WHERE "grade_level_name" = '7th Grade')),
((SELECT "student_id" FROM "student" WHERE "email" = 'klholmes28@titanacademy.edu'), (SELECT "grade_level_id" FROM "grade_levels" WHERE "grade_level_name" = '7th Grade')),
((SELECT "student_id" FROM "student" WHERE "email" = 'ibmills28@titanacademy.edu'), (SELECT "grade_level_id" FROM "grade_levels" WHERE "grade_level_name" = '7th Grade')),
((SELECT "student_id" FROM "student" WHERE "email" = 'nmglover28@titanacademy.edu'), (SELECT "grade_level_id" FROM "grade_levels" WHERE "grade_level_name" = '7th Grade')),
((SELECT "student_id" FROM "student" WHERE "email" = 'ajvega28@titanacademy.edu'), (SELECT "grade_level_id" FROM "grade_levels" WHERE "grade_level_name" = '7th Grade')),
((SELECT "student_id" FROM "student" WHERE "email" = 'cmbennett28@titanacademy.edu'), (SELECT "grade_level_id" FROM "grade_levels" WHERE "grade_level_name" = '7th Grade')),
((SELECT "student_id" FROM "student" WHERE "email" = 'almartinez28@titanacademy.edu'), (SELECT "grade_level_id" FROM "grade_levels" WHERE "grade_level_name" = '7th Grade')),
((SELECT "student_id" FROM "student" WHERE "email" = 'mdrobinson28@titanacademy.edu'), (SELECT "grade_level_id" FROM "grade_levels" WHERE "grade_level_name" = '7th Grade')),
((SELECT "student_id" FROM "student" WHERE "email" = 'jdchung28@titanacademy.edu'), (SELECT "grade_level_id" FROM "grade_levels" WHERE "grade_level_name" = '7th Grade')),
((SELECT "student_id" FROM "student" WHERE "email" = 'xksmith28@titanacademy.edu'), (SELECT "grade_level_id" FROM "grade_levels" WHERE "grade_level_name" = '7th Grade')),
((SELECT "student_id" FROM "student" WHERE "email" = 'otsmith28@titanacademy.edu'), (SELECT "grade_level_id" FROM "grade_levels" WHERE "grade_level_name" = '7th Grade')),
((SELECT "student_id" FROM "student" WHERE "email" = 'dasantiago27@titanacademy.edu'), (SELECT "grade_level_id" FROM "grade_levels" WHERE "grade_level_name" = '8th Grade')),
((SELECT "student_id" FROM "student" WHERE "email" = 'jadawson27@titanacademy.edu'), (SELECT "grade_level_id" FROM "grade_levels" WHERE "grade_level_name" = '8th Grade')),
((SELECT "student_id" FROM "student" WHERE "email" = 'mshill27@titanacademy.edu'), (SELECT "grade_level_id" FROM "grade_levels" WHERE "grade_level_name" = '8th Grade')),
((SELECT "student_id" FROM "student" WHERE "email" = 'necarter27@titanacademy.edu'), (SELECT "grade_level_id" FROM "grade_levels" WHERE "grade_level_name" = '8th Grade')),
((SELECT "student_id" FROM "student" WHERE "email" = 'cmgonzalez27@titanacademy.edu'), (SELECT "grade_level_id" FROM "grade_levels" WHERE "grade_level_name" = '8th Grade')),
((SELECT "student_id" FROM "student" WHERE "email" = 'aaclark27@titanacademy.edu'), (SELECT "grade_level_id" FROM "grade_levels" WHERE "grade_level_name" = '8th Grade')),
((SELECT "student_id" FROM "student" WHERE "email" = 'hmjames27@titanacademy.edu'), (SELECT "grade_level_id" FROM "grade_levels" WHERE "grade_level_name" = '8th Grade')),
((SELECT "student_id" FROM "student" WHERE "email" = 'rkodom27@titanacademy.edu'), (SELECT "grade_level_id" FROM "grade_levels" WHERE "grade_level_name" = '8th Grade')),
((SELECT "student_id" FROM "student" WHERE "email" = 'drharris27@titanacademy.edu'), (SELECT "grade_level_id" FROM "grade_levels" WHERE "grade_level_name" = '8th Grade')),
((SELECT "student_id" FROM "student" WHERE "email" = 'jfyoung27@titanacademy.edu'), (SELECT "grade_level_id" FROM "grade_levels" WHERE "grade_level_name" = '8th Grade')),
((SELECT "student_id" FROM "student" WHERE "email" = 'ckmunoz27@titanacademy.edu'), (SELECT "grade_level_id" FROM "grade_levels" WHERE "grade_level_name" = '8th Grade')),
((SELECT "student_id" FROM "student" WHERE "email" = 'gnnielsen27@titanacademy.edu'), (SELECT "grade_level_id" FROM "grade_levels" WHERE "grade_level_name" = '8th Grade')),
((SELECT "student_id" FROM "student" WHERE "email" = 'ikbarnes27@titanacademy.edu'), (SELECT "grade_level_id" FROM "grade_levels" WHERE "grade_level_name" = '8th Grade')),
((SELECT "student_id" FROM "student" WHERE "email" = 'elreed27@titanacademy.edu'), (SELECT "grade_level_id" FROM "grade_levels" WHERE "grade_level_name" = '8th Grade')),
((SELECT "student_id" FROM "student" WHERE "email" = 'cjpittman27@titanacademy.edu'), (SELECT "grade_level_id" FROM "grade_levels" WHERE "grade_level_name" = '8th Grade')),
((SELECT "student_id" FROM "student" WHERE "email" = 'seadams27@titanacademy.edu'), (SELECT "grade_level_id" FROM "grade_levels" WHERE "grade_level_name" = '8th Grade')),
((SELECT "student_id" FROM "student" WHERE "email" = 'tnjackson27@titanacademy.edu'), (SELECT "grade_level_id" FROM "grade_levels" WHERE "grade_level_name" = '8th Grade')),
((SELECT "student_id" FROM "student" WHERE "email" = 'aytodd27@titanacademy.edu'), (SELECT "grade_level_id" FROM "grade_levels" WHERE "grade_level_name" = '8th Grade')),
((SELECT "student_id" FROM "student" WHERE "email" = 'eahorton27@titanacademy.edu'), (SELECT "grade_level_id" FROM "grade_levels" WHERE "grade_level_name" = '8th Grade')),
((SELECT "student_id" FROM "student" WHERE "email" = 'habarnes27@titanacademy.edu'), (SELECT "grade_level_id" FROM "grade_levels" WHERE "grade_level_name" = '8th Grade')),
((SELECT "student_id" FROM "student" WHERE "email" = 'meprice27@titanacademy.edu'), (SELECT "grade_level_id" FROM "grade_levels" WHERE "grade_level_name" = '8th Grade')),
((SELECT "student_id" FROM "student" WHERE "email" = 'jzcasey27@titanacademy.edu'), (SELECT "grade_level_id" FROM "grade_levels" WHERE "grade_level_name" = '8th Grade')),
((SELECT "student_id" FROM "student" WHERE "email" = 'jchancock27@titanacademy.edu'), (SELECT "grade_level_id" FROM "grade_levels" WHERE "grade_level_name" = '8th Grade')),
((SELECT "student_id" FROM "student" WHERE "email" = 'jsday27@titanacademy.edu'), (SELECT "grade_level_id" FROM "grade_levels" WHERE "grade_level_name" = '8th Grade')),
((SELECT "student_id" FROM "student" WHERE "email" = 'jtmartin27@titanacademy.edu'), (SELECT "grade_level_id" FROM "grade_levels" WHERE "grade_level_name" = '8th Grade')),
((SELECT "student_id" FROM "student" WHERE "email" = 'khcharles27@titanacademy.edu'), (SELECT "grade_level_id" FROM "grade_levels" WHERE "grade_level_name" = '8th Grade')),
((SELECT "student_id" FROM "student" WHERE "email" = 'acmcdonald27@titanacademy.edu'), (SELECT "grade_level_id" FROM "grade_levels" WHERE "grade_level_name" = '8th Grade')),
((SELECT "student_id" FROM "student" WHERE "email" = 'bamartin27@titanacademy.edu'), (SELECT "grade_level_id" FROM "grade_levels" WHERE "grade_level_name" = '8th Grade')),
((SELECT "student_id" FROM "student" WHERE "email" = 'nmpatterson27@titanacademy.edu'), (SELECT "grade_level_id" FROM "grade_levels" WHERE "grade_level_name" = '8th Grade')),
((SELECT "student_id" FROM "student" WHERE "email" = 'sjgonzalez27@titanacademy.edu'), (SELECT "grade_level_id" FROM "grade_levels" WHERE "grade_level_name" = '8th Grade')),
((SELECT "student_id" FROM "student" WHERE "email" = 'cmsampson27@titanacademy.edu'), (SELECT "grade_level_id" FROM "grade_levels" WHERE "grade_level_name" = '8th Grade')),
((SELECT "student_id" FROM "student" WHERE "email" = 'jctaylor27@titanacademy.edu'), (SELECT "grade_level_id" FROM "grade_levels" WHERE "grade_level_name" = '8th Grade')),
((SELECT "student_id" FROM "student" WHERE "email" = 'iscastillo27@titanacademy.edu'), (SELECT "grade_level_id" FROM "grade_levels" WHERE "grade_level_name" = '8th Grade')),
((SELECT "student_id" FROM "student" WHERE "email" = 'sesteele27@titanacademy.edu'), (SELECT "grade_level_id" FROM "grade_levels" WHERE "grade_level_name" = '8th Grade')),
((SELECT "student_id" FROM "student" WHERE "email" = 'rpmiller27@titanacademy.edu'), (SELECT "grade_level_id" FROM "grade_levels" WHERE "grade_level_name" = '8th Grade')),
((SELECT "student_id" FROM "student" WHERE "email" = 'kdwallace27@titanacademy.edu'), (SELECT "grade_level_id" FROM "grade_levels" WHERE "grade_level_name" = '8th Grade')),
((SELECT "student_id" FROM "student" WHERE "email" = 'ktware27@titanacademy.edu'), (SELECT "grade_level_id" FROM "grade_levels" WHERE "grade_level_name" = '8th Grade')),
((SELECT "student_id" FROM "student" WHERE "email" = 'lsreid27@titanacademy.edu'), (SELECT "grade_level_id" FROM "grade_levels" WHERE "grade_level_name" = '8th Grade')),
((SELECT "student_id" FROM "student" WHERE "email" = 'mplee27@titanacademy.edu'), (SELECT "grade_level_id" FROM "grade_levels" WHERE "grade_level_name" = '8th Grade')),
((SELECT "student_id" FROM "student" WHERE "email" = 'jcphillips27@titanacademy.edu'), (SELECT "grade_level_id" FROM "grade_levels" WHERE "grade_level_name" = '8th Grade')),
((SELECT "student_id" FROM "student" WHERE "email" = 'demadden27@titanacademy.edu'), (SELECT "grade_level_id" FROM "grade_levels" WHERE "grade_level_name" = '8th Grade')),
((SELECT "student_id" FROM "student" WHERE "email" = 'eemejia27@titanacademy.edu'), (SELECT "grade_level_id" FROM "grade_levels" WHERE "grade_level_name" = '8th Grade')),
((SELECT "student_id" FROM "student" WHERE "email" = 'amlowe27@titanacademy.edu'), (SELECT "grade_level_id" FROM "grade_levels" WHERE "grade_level_name" = '8th Grade')),
((SELECT "student_id" FROM "student" WHERE "email" = 'dagibson27@titanacademy.edu'), (SELECT "grade_level_id" FROM "grade_levels" WHERE "grade_level_name" = '8th Grade')),
((SELECT "student_id" FROM "student" WHERE "email" = 'dmpitts27@titanacademy.edu'), (SELECT "grade_level_id" FROM "grade_levels" WHERE "grade_level_name" = '8th Grade')),
((SELECT "student_id" FROM "student" WHERE "email" = 'kmgonzalez27@titanacademy.edu'), (SELECT "grade_level_id" FROM "grade_levels" WHERE "grade_level_name" = '8th Grade')),
((SELECT "student_id" FROM "student" WHERE "email" = 'cvking27@titanacademy.edu'), (SELECT "grade_level_id" FROM "grade_levels" WHERE "grade_level_name" = '8th Grade')),
((SELECT "student_id" FROM "student" WHERE "email" = 'sebrown27@titanacademy.edu'), (SELECT "grade_level_id" FROM "grade_levels" WHERE "grade_level_name" = '8th Grade')),
((SELECT "student_id" FROM "student" WHERE "email" = 'akgutierrez27@titanacademy.edu'), (SELECT "grade_level_id" FROM "grade_levels" WHERE "grade_level_name" = '8th Grade')),
((SELECT "student_id" FROM "student" WHERE "email" = 'yjcarter27@titanacademy.edu'), (SELECT "grade_level_id" FROM "grade_levels" WHERE "grade_level_name" = '8th Grade')),
((SELECT "student_id" FROM "student" WHERE "email" = 'jablackwell27@titanacademy.edu'), (SELECT "grade_level_id" FROM "grade_levels" WHERE "grade_level_name" = '8th Grade')),
((SELECT "student_id" FROM "student" WHERE "email" = 'bcsmith27@titanacademy.edu'), (SELECT "grade_level_id" FROM "grade_levels" WHERE "grade_level_name" = '8th Grade')),
((SELECT "student_id" FROM "student" WHERE "email" = 'msandrade27@titanacademy.edu'), (SELECT "grade_level_id" FROM "grade_levels" WHERE "grade_level_name" = '8th Grade')),
((SELECT "student_id" FROM "student" WHERE "email" = 'methompson27@titanacademy.edu'), (SELECT "grade_level_id" FROM "grade_levels" WHERE "grade_level_name" = '8th Grade')),
((SELECT "student_id" FROM "student" WHERE "email" = 'lbrichards27@titanacademy.edu'), (SELECT "grade_level_id" FROM "grade_levels" WHERE "grade_level_name" = '8th Grade')),
((SELECT "student_id" FROM "student" WHERE "email" = 'cjnunez27@titanacademy.edu'), (SELECT "grade_level_id" FROM "grade_levels" WHERE "grade_level_name" = '8th Grade')),
((SELECT "student_id" FROM "student" WHERE "email" = 'jljones27@titanacademy.edu'), (SELECT "grade_level_id" FROM "grade_levels" WHERE "grade_level_name" = '8th Grade')),
((SELECT "student_id" FROM "student" WHERE "email" = 'avbrown27@titanacademy.edu'), (SELECT "grade_level_id" FROM "grade_levels" WHERE "grade_level_name" = '8th Grade')),
((SELECT "student_id" FROM "student" WHERE "email" = 'hlmckinney27@titanacademy.edu'), (SELECT "grade_level_id" FROM "grade_levels" WHERE "grade_level_name" = '8th Grade')),
((SELECT "student_id" FROM "student" WHERE "email" = 'bzbrown27@titanacademy.edu'), (SELECT "grade_level_id" FROM "grade_levels" WHERE "grade_level_name" = '8th Grade')),
((SELECT "student_id" FROM "student" WHERE "email" = 'ckwatkins27@titanacademy.edu'), (SELECT "grade_level_id" FROM "grade_levels" WHERE "grade_level_name" = '8th Grade')),
((SELECT "student_id" FROM "student" WHERE "email" = 'ramacdonald27@titanacademy.edu'), (SELECT "grade_level_id" FROM "grade_levels" WHERE "grade_level_name" = '8th Grade')),
((SELECT "student_id" FROM "student" WHERE "email" = 'sdmahoney27@titanacademy.edu'), (SELECT "grade_level_id" FROM "grade_levels" WHERE "grade_level_name" = '8th Grade')),
((SELECT "student_id" FROM "student" WHERE "email" = 'ipaguilar27@titanacademy.edu'), (SELECT "grade_level_id" FROM "grade_levels" WHERE "grade_level_name" = '8th Grade')),
((SELECT "student_id" FROM "student" WHERE "email" = 'sjmathis27@titanacademy.edu'), (SELECT "grade_level_id" FROM "grade_levels" WHERE "grade_level_name" = '8th Grade')),
((SELECT "student_id" FROM "student" WHERE "email" = 'bmparker27@titanacademy.edu'), (SELECT "grade_level_id" FROM "grade_levels" WHERE "grade_level_name" = '8th Grade')),
((SELECT "student_id" FROM "student" WHERE "email" = 'lamiller27@titanacademy.edu'), (SELECT "grade_level_id" FROM "grade_levels" WHERE "grade_level_name" = '8th Grade')),
((SELECT "student_id" FROM "student" WHERE "email" = 'ejstevens27@titanacademy.edu'), (SELECT "grade_level_id" FROM "grade_levels" WHERE "grade_level_name" = '8th Grade')),
((SELECT "student_id" FROM "student" WHERE "email" = 'jkgarrett27@titanacademy.edu'), (SELECT "grade_level_id" FROM "grade_levels" WHERE "grade_level_name" = '8th Grade')),
((SELECT "student_id" FROM "student" WHERE "email" = 'cmflores27@titanacademy.edu'), (SELECT "grade_level_id" FROM "grade_levels" WHERE "grade_level_name" = '8th Grade')),
((SELECT "student_id" FROM "student" WHERE "email" = 'rkgross27@titanacademy.edu'), (SELECT "grade_level_id" FROM "grade_levels" WHERE "grade_level_name" = '8th Grade')),
((SELECT "student_id" FROM "student" WHERE "email" = 'jzsanchez27@titanacademy.edu'), (SELECT "grade_level_id" FROM "grade_levels" WHERE "grade_level_name" = '8th Grade')),
((SELECT "student_id" FROM "student" WHERE "email" = 'slbrewer27@titanacademy.edu'), (SELECT "grade_level_id" FROM "grade_levels" WHERE "grade_level_name" = '8th Grade')),
((SELECT "student_id" FROM "student" WHERE "email" = 'lrfisher27@titanacademy.edu'), (SELECT "grade_level_id" FROM "grade_levels" WHERE "grade_level_name" = '8th Grade')),
((SELECT "student_id" FROM "student" WHERE "email" = 'mbcaldwell27@titanacademy.edu'), (SELECT "grade_level_id" FROM "grade_levels" WHERE "grade_level_name" = '8th Grade')),
((SELECT "student_id" FROM "student" WHERE "email" = 'fmjackson27@titanacademy.edu'), (SELECT "grade_level_id" FROM "grade_levels" WHERE "grade_level_name" = '8th Grade')),
((SELECT "student_id" FROM "student" WHERE "email" = 'lelewis27@titanacademy.edu'), (SELECT "grade_level_id" FROM "grade_levels" WHERE "grade_level_name" = '8th Grade')),
((SELECT "student_id" FROM "student" WHERE "email" = 'pkwalker27@titanacademy.edu'), (SELECT "grade_level_id" FROM "grade_levels" WHERE "grade_level_name" = '8th Grade')),
((SELECT "student_id" FROM "student" WHERE "email" = 'babrown27@titanacademy.edu'), (SELECT "grade_level_id" FROM "grade_levels" WHERE "grade_level_name" = '8th Grade')),
((SELECT "student_id" FROM "student" WHERE "email" = 'krgarrison27@titanacademy.edu'), (SELECT "grade_level_id" FROM "grade_levels" WHERE "grade_level_name" = '8th Grade')),
((SELECT "student_id" FROM "student" WHERE "email" = 'rpdavis27@titanacademy.edu'), (SELECT "grade_level_id" FROM "grade_levels" WHERE "grade_level_name" = '8th Grade')),
((SELECT "student_id" FROM "student" WHERE "email" = 'esshannon27@titanacademy.edu'), (SELECT "grade_level_id" FROM "grade_levels" WHERE "grade_level_name" = '8th Grade')),
((SELECT "student_id" FROM "student" WHERE "email" = 'wdparker27@titanacademy.edu'), (SELECT "grade_level_id" FROM "grade_levels" WHERE "grade_level_name" = '8th Grade'));


COMMIT;
